Sales Person,Country,Product,Date,Amount,Boxes Shipped
Jehu Rudeforth,UK,Mint Chip Choco,04/01/2022,"$5,320.00",180.0
Van Tuxwell,India,85% Dark Bars,01/08/2022,"$7,896.00",94.0
Gigi Bohling,India,Peanut Butter Cubes,07/07/2022,"$4,501.00",91.0
Jan Morforth,Australia,Peanut Butter Cubes,27/04/2022,"$12,726.00",342.0
Jehu Rudeforth,UK,Peanut Butter Cubes,24/02/2022,"$13,685.00",184.0
Van Tuxwell,India,Smooth Sliky Salty,06/06/2022,"$5,376.00",38.0
Oby Sorrel,UK,99% Dark & Pure,25/01/2022,"$13,685.00",176.0
Gunar Cockshoot,Australia,After Nines,24/03/2022,"$3,080.00",73.0
Jehu Rudeforth,New Zealand,50% Dark Bites,20/04/2022,"$3,990.00",59.0
Brien Boise,Australia,99% Dark & Pure,04/07/2022,"$2,835.00",102.0
Rafaelita Blaksland,UK,Smooth Sliky Salty,13/01/2022,"$4,704.00",62.0
Barr Faughny,USA,Orange Choco,10/03/2022,"$3,703.00",11.0
Mallorie Waber,Canada,Eclairs,13/01/2022,"$1,442.00",286.0
Karlen McCaffrey,New Zealand,Drinking Coco,28/07/2022,$168.00,156.0
Marney O'Breen,New Zealand,Peanut Butter Cubes,03/08/2022,"$8,379.00",173.0
Beverie Moffet,Australia,Organic Choco Syrup,26/01/2022,"$6,790.00",356.0
Van Tuxwell,Canada,Organic Choco Syrup,14/02/2022,"$4,067.00",42.0
Roddy Speechley,USA,Smooth Sliky Salty,05/04/2022,"$3,017.00",140.0
Beverie Moffet,Canada,Milk Bars,16/02/2022,"$8,799.00",250.0
Curtice Advani,UK,85% Dark Bars,08/06/2022,"$1,085.00",172.0
Brien Boise,Australia,Eclairs,27/06/2022,"$6,888.00",88.0
Gunar Cockshoot,USA,Spicy Special Slims,17/02/2022,"$1,267.00",157.0
Marney O'Breen,USA,After Nines,30/05/2022,"$4,753.00",163.0
Husein Augar,UK,Drinking Coco,14/03/2022,"$3,003.00",113.0
Kaine Padly,Australia,Eclairs,28/02/2022,"$7,672.00",115.0
Karlen McCaffrey,India,Fruit & Nut Bars,26/01/2022,$168.00,321.0
Roddy Speechley,Canada,Spicy Special Slims,09/02/2022,"$1,652.00",186.0
Husein Augar,USA,Eclairs,07/07/2022,"$4,025.00",112.0
Dennison Crosswaite,New Zealand,White Choc,05/07/2022,"$9,492.00",151.0
Dennison Crosswaite,New Zealand,Manuka Honey Choco,15/06/2022,"$5,061.00",301.0
Van Tuxwell,New Zealand,85% Dark Bars,24/05/2022,"$1,722.00",121.0
Rafaelita Blaksland,UK,99% Dark & Pure,29/06/2022,"$12,446.00",150.0
Wilone O'Kielt,Australia,Manuka Honey Choco,11/05/2022,"$4,284.00",94.0
Karlen McCaffrey,UK,Almond Choco,30/06/2022,"$6,839.00",133.0
Andria Kimpton,Canada,After Nines,11/05/2022,"$2,163.00",70.0
Roddy Speechley,USA,Manuka Honey Choco,22/07/2022,"$9,583.00",315.0
Andria Kimpton,UK,50% Dark Bites,24/08/2022,"$2,653.00",314.0
Kelci Walkden,New Zealand,After Nines,07/07/2022,$147.00,72.0
Camilla Castle,Australia,85% Dark Bars,19/05/2022,"$3,654.00",14.0
Karlen McCaffrey,India,Manuka Honey Choco,04/07/2022,"$2,443.00",473.5
Kelci Walkden,USA,After Nines,02/06/2022,$938.00,16.0
Karlen McCaffrey,USA,Raspberry Choco,15/04/2022,"$14,749.00",354.0
Mallorie Waber,Canada,Choco Coated Almonds,11/07/2022,"$4,781.00",241.0
Andria Kimpton,India,Spicy Special Slims,23/02/2022,"$6,307.00",142.0
Madelene Upcott,Canada,Almond Choco,22/08/2022,"$7,602.00",102.0
Kaine Padly,USA,Peanut Butter Cubes,16/02/2022,"$6,790.00",188.0
Van Tuxwell,USA,50% Dark Bites,13/01/2022,"$9,737.00",160.0
Curtice Advani,Australia,Milk Bars,14/02/2022,"$6,979.00",18.0
Roddy Speechley,India,Eclairs,10/06/2022,"$4,382.00",303.0
Curtice Advani,India,Fruit & Nut Bars,07/07/2022,"$5,243.00",176.0
Curtice Advani,Canada,Almond Choco,24/03/2022,"$4,865.00",70.0
Brien Boise,Australia,Fruit & Nut Bars,06/06/2022,"$8,575.00",23.0
Dotty Strutley,Australia,Drinking Coco,19/07/2022,$91.00,135.0
Beverie Moffet,USA,Raspberry Choco,19/04/2022,"$14,798.00",83.0
Marney O'Breen,India,85% Dark Bars,19/07/2022,"$2,205.00",179.0
Jehu Rudeforth,Canada,Drinking Coco,15/07/2022,$441.00,24.0
Ches Bonnell,New Zealand,Spicy Special Slims,14/02/2022,"$3,556.00",18.0
Brien Boise,Canada,99% Dark & Pure,18/05/2022,"$16,793.00",416.0
Barr Faughny,Australia,Fruit & Nut Bars,30/06/2022,"$15,421.00",55.0
Andria Kimpton,Australia,50% Dark Bites,02/06/2022,"$4,438.00",227.0
Andria Kimpton,Australia,Drinking Coco,28/06/2022,"$1,603.00",48.0
Marney O'Breen,Australia,Organic Choco Syrup,16/05/2022,$273.00,174.0
Kelci Walkden,Canada,Baker's Choco Chips,26/05/2022,"$3,073.00",302.0
Karlen McCaffrey,India,Almond Choco,06/07/2022,"$6,090.00",149.0
Oby Sorrel,India,99% Dark & Pure,27/05/2022,"$10,255.00",11.0
Wilone O'Kielt,Australia,Caramel Stuffed Bars,14/04/2022,"$2,030.00",11.0
Van Tuxwell,Australia,Organic Choco Syrup,10/08/2022,"$19,453.00",14.0
Camilla Castle,India,50% Dark Bites,04/07/2022,"$9,275.00",411.0
Oby Sorrel,India,Organic Choco Syrup,08/07/2022,"$6,181.00",56.0
Jan Morforth,USA,Peanut Butter Cubes,22/07/2022,"$9,037.00",102.0
Gigi Bohling,USA,Choco Coated Almonds,02/03/2022,"$12,313.00",103.0
Gigi Bohling,UK,Almond Choco,10/01/2022,"$5,642.00",9.0
Jehu Rudeforth,New Zealand,White Choc,11/03/2022,"$2,800.00",241.0
Andria Kimpton,New Zealand,Peanut Butter Cubes,20/06/2022,$959.00,265.0
Van Tuxwell,UK,Organic Choco Syrup,26/08/2022,"$2,002.00",214.0
Roddy Speechley,Canada,Milk Bars,13/07/2022,$609.00,32.0
Camilla Castle,USA,Spicy Special Slims,11/02/2022,"$1,274.00",244.0
Marney O'Breen,USA,Orange Choco,27/01/2022,"$7,595.00",181.0
Van Tuxwell,UK,99% Dark & Pure,31/01/2022,"$4,725.00",137.0
Camilla Castle,USA,White Choc,18/08/2022,"$9,681.00",24.0
Andria Kimpton,USA,Raspberry Choco,30/06/2022,"$14,504.00",21.0
Dotty Strutley,Australia,Fruit & Nut Bars,23/08/2022,$280.00,311.0
Brien Boise,New Zealand,Mint Chip Choco,01/08/2022,$63.00,181.0
Roddy Speechley,New Zealand,After Nines,25/05/2022,"$8,001.00",10.0
Roddy Speechley,Canada,Organic Choco Syrup,10/01/2022,"$4,032.00",82.0
Dennison Crosswaite,Australia,70% Dark Bites,07/02/2022,"$5,859.00",108.0
Karlen McCaffrey,USA,Orange Choco,12/05/2022,"$11,095.00",401.0
Madelene Upcott,Australia,Spicy Special Slims,07/03/2022,"$7,182.00",408.0
Dennison Crosswaite,Australia,85% Dark Bars,05/04/2022,"$6,881.00",420.0
Andria Kimpton,Canada,Caramel Stuffed Bars,03/01/2022,"$7,154.00",348.0
Dennison Crosswaite,UK,Eclairs,24/03/2022,"$6,188.00",270.0
Madelene Upcott,India,Raspberry Choco,07/07/2022,"$4,221.00",9.0
Van Tuxwell,USA,After Nines,26/07/2022,$630.00,264.0
Wilone O'Kielt,Australia,Organic Choco Syrup,07/07/2022,"$1,743.00",111.0
Karlen McCaffrey,Canada,50% Dark Bites,15/07/2022,"$2,919.00",65.0
Roddy Speechley,New Zealand,Orange Choco,01/04/2022,$49.00,97.0
Beverie Moffet,Australia,Eclairs,20/06/2022,"$1,827.00",6.0
Kelci Walkden,UK,Fruit & Nut Bars,29/06/2022,"$13,006.00",473.5
Marney O'Breen,USA,50% Dark Bites,15/06/2022,"$1,064.00",106.0
Husein Augar,USA,After Nines,08/04/2022,"$11,571.00",180.0
Dennison Crosswaite,Australia,Raspberry Choco,14/03/2022,"$5,740.00",31.0
Andria Kimpton,USA,Fruit & Nut Bars,15/07/2022,"$1,456.00",359.0
Kelci Walkden,India,Eclairs,19/04/2022,"$5,334.00",80.0
Marney O'Breen,USA,99% Dark & Pure,28/03/2022,"$4,151.00",296.0
Brien Boise,Canada,Spicy Special Slims,04/03/2022,"$8,106.00",101.0
Karlen McCaffrey,New Zealand,70% Dark Bites,02/08/2022,$126.00,40.0
Husein Augar,UK,Spicy Special Slims,25/08/2022,"$4,697.00",42.0
Marney O'Breen,USA,Almond Choco,25/02/2022,"$7,798.00",167.0
Kelci Walkden,India,Orange Choco,07/06/2022,"$9,408.00",138.0
Jan Morforth,India,Spicy Special Slims,12/04/2022,"$1,939.00",473.5
Ches Bonnell,India,Spicy Special Slims,06/07/2022,"$10,906.00",94.0
Kelci Walkden,UK,Smooth Sliky Salty,19/01/2022,"$5,929.00",175.0
Madelene Upcott,Australia,Fruit & Nut Bars,05/01/2022,"$5,579.00",92.0
Madelene Upcott,Canada,70% Dark Bites,24/01/2022,"$10,927.00",141.0
Wilone O'Kielt,Australia,Drinking Coco,06/04/2022,$623.00,283.0
Gunar Cockshoot,Australia,Fruit & Nut Bars,15/06/2022,"$6,013.00",21.0
Gigi Bohling,Canada,Baker's Choco Chips,28/01/2022,"$1,505.00",47.0
Kelci Walkden,India,Caramel Stuffed Bars,16/03/2022,$476.00,125.0
Rafaelita Blaksland,Australia,Drinking Coco,21/02/2022,"$11,550.00",396.0
Kelci Walkden,USA,Manuka Honey Choco,16/02/2022,"$17,318.00",87.0
Jehu Rudeforth,Canada,Spicy Special Slims,13/01/2022,"$1,848.00",27.0
Kelci Walkden,Australia,Eclairs,23/03/2022,"$7,273.00",473.5
Curtice Advani,Canada,Spicy Special Slims,16/06/2022,$854.00,118.0
Oby Sorrel,India,Raspberry Choco,14/04/2022,"$6,832.00",46.0
Kelci Walkden,UK,Eclairs,25/01/2022,"$4,606.00",57.0
Jan Morforth,India,Almond Choco,11/03/2022,"$4,466.00",22.0
Dotty Strutley,UK,Almond Choco,28/07/2022,"$16,114.00",96.0
Marney O'Breen,New Zealand,After Nines,09/03/2022,"$1,561.00",44.0
Husein Augar,Australia,Orange Choco,28/06/2022,"$8,897.00",188.0
Marney O'Breen,Australia,Milk Bars,28/07/2022,"$2,464.00",387.0
Kelci Walkden,Canada,99% Dark & Pure,15/08/2022,"$4,830.00",50.0
Kaine Padly,Australia,Manuka Honey Choco,12/01/2022,"$2,765.00",264.0
Beverie Moffet,New Zealand,White Choc,24/03/2022,"$7,126.00",7.0
Van Tuxwell,UK,Milk Bars,25/07/2022,"$4,263.00",90.0
Oby Sorrel,Canada,99% Dark & Pure,01/08/2022,"$3,605.00",403.0
Van Tuxwell,India,Organic Choco Syrup,16/05/2022,"$19,929.00",174.0
Roddy Speechley,India,Smooth Sliky Salty,10/08/2022,"$5,103.00",140.0
Jan Morforth,India,Eclairs,05/01/2022,"$2,541.00",27.0
Ches Bonnell,UK,Smooth Sliky Salty,11/07/2022,"$5,663.00",110.0
Wilone O'Kielt,USA,After Nines,25/04/2022,$392.00,30.0
Gigi Bohling,New Zealand,Fruit & Nut Bars,04/04/2022,"$10,976.00",121.0
Barr Faughny,USA,Raspberry Choco,12/04/2022,"$9,282.00",101.0
Wilone O'Kielt,New Zealand,85% Dark Bars,02/08/2022,"$1,827.00",117.0
Gigi Bohling,New Zealand,Manuka Honey Choco,28/06/2022,"$8,267.00",272.0
Ches Bonnell,Australia,Eclairs,05/07/2022,"$4,116.00",128.0
Rafaelita Blaksland,New Zealand,Choco Coated Almonds,07/06/2022,"$2,093.00",45.0
Brien Boise,New Zealand,Smooth Sliky Salty,18/01/2022,"$1,015.00",27.0
Brien Boise,Australia,Baker's Choco Chips,04/01/2022,"$12,516.00",212.0
Dennison Crosswaite,Australia,99% Dark & Pure,31/01/2022,"$2,758.00",18.0
Kelci Walkden,India,Almond Choco,14/03/2022,"$3,297.00",149.0
Camilla Castle,Australia,70% Dark Bites,29/04/2022,"$6,048.00",473.5
Oby Sorrel,India,Smooth Sliky Salty,07/02/2022,"$10,101.00",108.0
Kaine Padly,UK,Organic Choco Syrup,31/03/2022,"$2,282.00",178.0
Marney O'Breen,India,Caramel Stuffed Bars,16/03/2022,"$4,361.00",81.0
Karlen McCaffrey,UK,Eclairs,25/01/2022,"$7,798.00",196.0
Van Tuxwell,India,Baker's Choco Chips,20/06/2022,"$3,052.00",447.0
Gigi Bohling,UK,After Nines,29/03/2022,"$8,029.00",175.0
Curtice Advani,Australia,Orange Choco,12/07/2022,$854.00,136.0
Jehu Rudeforth,Canada,Smooth Sliky Salty,11/07/2022,"$5,460.00",138.0
Karlen McCaffrey,Canada,Smooth Sliky Salty,19/01/2022,"$3,017.00",184.0
Andria Kimpton,USA,85% Dark Bars,05/04/2022,"$8,911.00",82.0
Jehu Rudeforth,Canada,Milk Bars,21/02/2022,"$7,203.00",12.0
Rafaelita Blaksland,New Zealand,Caramel Stuffed Bars,20/05/2022,"$13,083.00",14.0
Mallorie Waber,Australia,Milk Bars,29/07/2022,"$2,779.00",104.0
Barr Faughny,USA,Fruit & Nut Bars,28/01/2022,"$9,058.00",46.0
Marney O'Breen,UK,Caramel Stuffed Bars,19/07/2022,"$3,549.00",112.0
Mallorie Waber,New Zealand,Manuka Honey Choco,13/04/2022,"$9,436.00",11.0
Roddy Speechley,India,Peanut Butter Cubes,11/02/2022,"$10,283.00",21.0
Roddy Speechley,New Zealand,Milk Bars,02/03/2022,"$5,446.00",116.0
Ches Bonnell,Australia,White Choc,02/03/2022,"$1,043.00",202.0
Van Tuxwell,USA,99% Dark & Pure,28/07/2022,"$12,586.00",6.0
Kelci Walkden,India,After Nines,07/01/2022,"$1,687.00",473.5
Brien Boise,UK,White Choc,12/04/2022,"$5,299.00",167.0
Van Tuxwell,Canada,Almond Choco,27/06/2022,"$3,213.00",72.0
Jehu Rudeforth,Australia,50% Dark Bites,14/01/2022,"$5,194.00",418.0
Karlen McCaffrey,UK,Baker's Choco Chips,07/02/2022,"$4,753.00",389.0
Jehu Rudeforth,Australia,Orange Choco,23/03/2022,"$13,706.00",26.0
Marney O'Breen,India,Peanut Butter Cubes,10/01/2022,"$6,489.00",146.0
Oby Sorrel,UK,Choco Coated Almonds,17/03/2022,"$9,324.00",41.0
Gigi Bohling,USA,Spicy Special Slims,21/01/2022,"$10,829.00",54.0
Barr Faughny,Australia,White Choc,04/07/2022,"$8,113.00",370.0
Kaine Padly,Canada,Peanut Butter Cubes,04/07/2022,"$3,269.00",176.0
Dotty Strutley,USA,Manuka Honey Choco,10/08/2022,$273.00,210.0
Dennison Crosswaite,Australia,50% Dark Bites,01/04/2022,"$7,287.00",12.0
Gigi Bohling,India,Raspberry Choco,22/02/2022,"$2,583.00",159.0
Camilla Castle,UK,White Choc,03/01/2022,"$9,982.00",187.0
Karlen McCaffrey,India,Drinking Coco,31/05/2022,"$4,795.00",233.0
Dotty Strutley,UK,99% Dark & Pure,03/01/2022,"$9,310.00",282.0
Husein Augar,New Zealand,Caramel Stuffed Bars,27/01/2022,$497.00,473.5
Barr Faughny,UK,50% Dark Bites,28/01/2022,$581.00,65.0
Curtice Advani,Australia,Organic Choco Syrup,28/06/2022,"$3,472.00",311.0
Husein Augar,UK,Choco Coated Almonds,02/03/2022,"$4,333.00",43.0
Wilone O'Kielt,Australia,After Nines,27/05/2022,"$3,325.00",26.0
Dennison Crosswaite,USA,Almond Choco,30/06/2022,"$11,718.00",84.0
Barr Faughny,Canada,Peanut Butter Cubes,07/06/2022,"$2,100.00",78.0
Kaine Padly,USA,70% Dark Bites,12/05/2022,"$4,018.00",100.0
Barr Faughny,New Zealand,Raspberry Choco,29/07/2022,"$6,468.00",66.0
Dennison Crosswaite,UK,White Choc,03/08/2022,"$7,238.00",265.0
Barr Faughny,India,Baker's Choco Chips,18/08/2022,"$6,454.00",141.0
Van Tuxwell,New Zealand,Smooth Sliky Salty,14/06/2022,"$3,115.00",42.0
Beverie Moffet,UK,White Choc,30/06/2022,"$6,475.00",76.0
Camilla Castle,New Zealand,Mint Chip Choco,13/06/2022,"$1,162.00",190.0
Ches Bonnell,UK,Orange Choco,27/04/2022,"$14,238.00",54.0
Jan Morforth,Australia,White Choc,27/07/2022,"$3,472.00",32.0
Mallorie Waber,Canada,85% Dark Bars,20/04/2022,"$1,428.00",424.0
Rafaelita Blaksland,India,Spicy Special Slims,04/01/2022,"$8,064.00",134.0
Ches Bonnell,Australia,Mint Chip Choco,21/02/2022,"$9,660.00",92.0
Karlen McCaffrey,Australia,White Choc,05/01/2022,"$7,357.00",48.0
Beverie Moffet,India,Drinking Coco,15/07/2022,"$6,055.00",46.0
Brien Boise,Australia,Choco Coated Almonds,25/05/2022,"$5,124.00",62.0
Karlen McCaffrey,Canada,Eclairs,20/04/2022,"$3,479.00",358.0
Gigi Bohling,USA,99% Dark & Pure,02/06/2022,$784.00,249.0
Marney O'Breen,UK,Smooth Sliky Salty,13/05/2022,"$18,991.00",88.0
Beverie Moffet,New Zealand,Baker's Choco Chips,03/08/2022,"$1,372.00",144.0
Beverie Moffet,Australia,Milk Bars,25/05/2022,$735.00,390.0
Van Tuxwell,UK,Raspberry Choco,16/03/2022,"$6,538.00",79.0
Jan Morforth,Australia,Orange Choco,04/07/2022,"$3,199.00",122.0
Jehu Rudeforth,India,50% Dark Bites,05/07/2022,"$3,472.00",135.0
Madelene Upcott,USA,After Nines,15/03/2022,"$4,571.00",430.0
Barr Faughny,UK,Raspberry Choco,22/08/2022,"$5,481.00",69.0
Ches Bonnell,Australia,70% Dark Bites,12/01/2022,"$3,136.00",125.0
Marney O'Breen,UK,Baker's Choco Chips,10/06/2022,$252.00,154.0
Kaine Padly,Australia,Peanut Butter Cubes,25/03/2022,"$5,460.00",286.0
Rafaelita Blaksland,India,Almond Choco,27/07/2022,"$3,395.00",99.0
Husein Augar,UK,Caramel Stuffed Bars,15/04/2022,"$14,938.00",433.0
Roddy Speechley,India,Orange Choco,27/06/2022,"$4,053.00",19.0
Jehu Rudeforth,UK,70% Dark Bites,14/04/2022,"$5,565.00",258.0
Husein Augar,Australia,Manuka Honey Choco,15/03/2022,"$7,161.00",92.0
Madelene Upcott,USA,Eclairs,18/03/2022,"$8,883.00",200.0
Brien Boise,India,Eclairs,29/04/2022,"$1,351.00",61.0
Mallorie Waber,New Zealand,White Choc,25/02/2022,"$3,171.00",246.0
Husein Augar,USA,Milk Bars,02/03/2022,$854.00,56.0
Van Tuxwell,Australia,Milk Bars,20/06/2022,"$7,910.00",87.0
Beverie Moffet,Canada,White Choc,15/07/2022,"$9,275.00",173.0
Dotty Strutley,Australia,50% Dark Bites,12/05/2022,"$3,108.00",252.0
Mallorie Waber,New Zealand,Organic Choco Syrup,01/07/2022,"$5,075.00",256.0
Husein Augar,USA,85% Dark Bars,08/08/2022,$378.00,54.0
Madelene Upcott,Australia,50% Dark Bites,25/07/2022,"$7,350.00",6.0
Wilone O'Kielt,UK,Drinking Coco,18/05/2022,"$3,388.00",55.0
Camilla Castle,India,Peanut Butter Cubes,15/07/2022,"$11,837.00",277.0
Curtice Advani,India,70% Dark Bites,05/07/2022,"$2,282.00",44.0
Mallorie Waber,USA,Manuka Honey Choco,04/07/2022,"$5,425.00",96.0
Dotty Strutley,UK,70% Dark Bites,20/06/2022,"$1,267.00",216.0
Gunar Cockshoot,Australia,Almond Choco,25/01/2022,"$3,752.00",424.0
Kaine Padly,New Zealand,Spicy Special Slims,01/07/2022,"$7,728.00",37.0
Gigi Bohling,USA,50% Dark Bites,13/04/2022,"$2,296.00",59.0
Beverie Moffet,UK,Smooth Sliky Salty,04/05/2022,"$4,403.00",76.0
Beverie Moffet,Australia,Baker's Choco Chips,04/08/2022,"$3,192.00",109.0
Beverie Moffet,India,70% Dark Bites,01/06/2022,$448.00,146.0
Jehu Rudeforth,UK,Choco Coated Almonds,22/04/2022,"$4,270.00",185.0
Kaine Padly,USA,50% Dark Bites,03/08/2022,$70.00,27.0
Ches Bonnell,USA,Orange Choco,10/06/2022,"$1,743.00",69.0
Gunar Cockshoot,UK,Manuka Honey Choco,27/06/2022,"$6,762.00",46.0
Marney O'Breen,Australia,Smooth Sliky Salty,03/01/2022,"$3,745.00",170.0
Marney O'Breen,India,After Nines,11/07/2022,"$2,639.00",179.0
Ches Bonnell,New Zealand,Milk Bars,17/08/2022,"$4,389.00",126.0
Rafaelita Blaksland,USA,Fruit & Nut Bars,18/01/2022,"$2,604.00",65.0
Ches Bonnell,India,Organic Choco Syrup,08/03/2022,"$16,569.00",99.0
Mallorie Waber,Australia,Orange Choco,07/03/2022,"$14,658.00",275.0
Husein Augar,India,70% Dark Bites,09/05/2022,"$6,454.00",157.0
Barr Faughny,New Zealand,85% Dark Bars,23/05/2022,"$2,100.00",157.0
Madelene Upcott,UK,Caramel Stuffed Bars,15/04/2022,$161.00,145.0
Gigi Bohling,Australia,Drinking Coco,27/07/2022,"$2,807.00",139.0
Marney O'Breen,Canada,Choco Coated Almonds,22/08/2022,"$2,639.00",406.0
Ches Bonnell,USA,70% Dark Bites,11/05/2022,"$4,571.00",122.0
Madelene Upcott,India,Organic Choco Syrup,26/01/2022,"$4,781.00",38.0
Barr Faughny,USA,50% Dark Bites,14/04/2022,"$13,034.00",117.0
Dennison Crosswaite,New Zealand,Mint Chip Choco,05/04/2022,"$6,454.00",417.0
Marney O'Breen,New Zealand,Smooth Sliky Salty,14/06/2022,"$8,484.00",57.0
Brien Boise,Canada,Almond Choco,13/04/2022,"$4,781.00",125.0
Beverie Moffet,Australia,White Choc,27/06/2022,"$2,240.00",166.0
Dotty Strutley,Australia,Eclairs,26/01/2022,"$6,979.00",3.0
Barr Faughny,UK,White Choc,05/07/2022,"$1,652.00",72.0
Beverie Moffet,Canada,Baker's Choco Chips,11/01/2022,"$13,447.00",95.0
Kelci Walkden,USA,White Choc,07/03/2022,"$9,422.00",22.0
Kaine Padly,Canada,50% Dark Bites,04/03/2022,"$8,687.00",100.0
Karlen McCaffrey,Canada,Organic Choco Syrup,15/07/2022,"$2,415.00",312.0
Kaine Padly,UK,Peanut Butter Cubes,11/05/2022,"$6,272.00",86.0
Karlen McCaffrey,USA,Milk Bars,27/01/2022,"$4,389.00",7.0
Karlen McCaffrey,India,Orange Choco,27/06/2022,"$3,122.00",149.0
Ches Bonnell,India,Smooth Sliky Salty,03/08/2022,"$8,043.00",18.0
Wilone O'Kielt,New Zealand,Mint Chip Choco,19/08/2022,"$11,662.00",242.0
Wilone O'Kielt,Australia,Fruit & Nut Bars,15/06/2022,$392.00,102.0
Dennison Crosswaite,UK,Peanut Butter Cubes,07/02/2022,"$8,925.00",158.0
Karlen McCaffrey,Australia,Almond Choco,08/07/2022,"$7,294.00",128.0
Dennison Crosswaite,India,Milk Bars,21/04/2022,"$1,526.00",96.0
Ches Bonnell,UK,Mint Chip Choco,08/04/2022,"$2,688.00",209.0
Husein Augar,Australia,50% Dark Bites,19/08/2022,"$14,889.00",52.0
Jan Morforth,India,Fruit & Nut Bars,04/05/2022,"$2,912.00",55.0
Mallorie Waber,USA,85% Dark Bars,11/05/2022,"$2,632.00",108.0
Mallorie Waber,USA,Eclairs,22/03/2022,"$6,328.00",51.0
Dennison Crosswaite,Canada,Spicy Special Slims,10/08/2022,"$2,527.00",216.0
Dennison Crosswaite,USA,Fruit & Nut Bars,04/05/2022,"$1,414.00",318.0
Kelci Walkden,USA,99% Dark & Pure,18/08/2022,"$7,714.00",238.0
Dotty Strutley,Canada,Raspberry Choco,03/08/2022,"$4,347.00",238.0
Marney O'Breen,New Zealand,Milk Bars,14/01/2022,"$7,490.00",315.0
Madelene Upcott,Australia,Choco Coated Almonds,08/04/2022,"$2,058.00",72.0
Kelci Walkden,UK,Orange Choco,01/08/2022,"$3,640.00",3.0
Dennison Crosswaite,Canada,Eclairs,15/03/2022,$455.00,45.0
Karlen McCaffrey,India,Mint Chip Choco,15/07/2022,"$10,990.00",184.0
Barr Faughny,New Zealand,Almond Choco,13/01/2022,"$5,558.00",127.0
Mallorie Waber,Australia,85% Dark Bars,26/08/2022,"$2,541.00",53.0
Ches Bonnell,Canada,Eclairs,10/01/2022,"$1,876.00",172.0
Gigi Bohling,Australia,White Choc,11/05/2022,"$5,523.00",87.0
Beverie Moffet,New Zealand,85% Dark Bars,30/08/2022,"$11,200.00",22.0
Kaine Padly,USA,Caramel Stuffed Bars,21/07/2022,"$5,593.00",122.0
Mallorie Waber,Australia,Almond Choco,01/08/2022,"$7,882.00",125.0
Brien Boise,Canada,85% Dark Bars,17/02/2022,"$10,241.00",259.0
Brien Boise,Australia,Drinking Coco,27/07/2022,"$6,832.00",156.0
Dotty Strutley,USA,Orange Choco,23/02/2022,"$1,379.00",107.0
Rafaelita Blaksland,Australia,50% Dark Bites,22/03/2022,"$3,010.00",40.0
Dennison Crosswaite,India,99% Dark & Pure,23/06/2022,"$6,888.00",311.0
Curtice Advani,UK,White Choc,01/02/2022,"$1,540.00",73.0
Kelci Walkden,Australia,After Nines,02/03/2022,"$6,916.00",288.0
Gigi Bohling,UK,Fruit & Nut Bars,06/04/2022,"$1,232.00",86.0
Gunar Cockshoot,Australia,Raspberry Choco,17/03/2022,$602.00,72.0
Curtice Advani,UK,Fruit & Nut Bars,24/06/2022,"$10,927.00",136.0
Barr Faughny,Canada,50% Dark Bites,19/07/2022,"$10,185.00",303.0
Curtice Advani,USA,Spicy Special Slims,11/07/2022,"$1,603.00",264.0
Brien Boise,India,Almond Choco,13/01/2022,"$2,170.00",218.0
Oby Sorrel,New Zealand,Smooth Sliky Salty,07/07/2022,"$8,673.00",60.0
Jan Morforth,India,85% Dark Bars,25/05/2022,"$4,760.00",418.0
Marney O'Breen,India,Fruit & Nut Bars,13/04/2022,"$4,753.00",151.0
Andria Kimpton,New Zealand,50% Dark Bites,02/03/2022,"$3,374.00",202.0
Gunar Cockshoot,Canada,Raspberry Choco,23/06/2022,"$2,058.00",126.0
Kelci Walkden,USA,Drinking Coco,26/07/2022,"$6,454.00",160.0
Van Tuxwell,Canada,White Choc,22/03/2022,$420.00,3.0
Rafaelita Blaksland,USA,Baker's Choco Chips,09/06/2022,"$2,863.00",58.0
Van Tuxwell,Australia,Caramel Stuffed Bars,17/05/2022,"$5,936.00",59.0
Ches Bonnell,New Zealand,Peanut Butter Cubes,04/03/2022,$889.00,273.0
Kelci Walkden,Canada,Milk Bars,07/07/2022,"$16,016.00",28.0
Dennison Crosswaite,Canada,Choco Coated Almonds,13/01/2022,"$10,479.00",118.0
Curtice Advani,Australia,Almond Choco,13/07/2022,"$2,912.00",75.0
Madelene Upcott,Australia,85% Dark Bars,16/06/2022,"$1,575.00",329.0
Gigi Bohling,UK,50% Dark Bites,18/07/2022,"$8,197.00",69.0
Ches Bonnell,UK,Manuka Honey Choco,30/05/2022,"$4,221.00",395.0
Gigi Bohling,UK,70% Dark Bites,21/06/2022,$840.00,81.0
Jehu Rudeforth,Australia,Peanut Butter Cubes,24/06/2022,"$5,691.00",38.0
Marney O'Breen,India,Eclairs,13/01/2022,"$3,472.00",96.0
Curtice Advani,Canada,Fruit & Nut Bars,04/04/2022,"$4,193.00",195.0
Kaine Padly,UK,Smooth Sliky Salty,08/06/2022,"$9,016.00",473.5
Karlen McCaffrey,Canada,Spicy Special Slims,02/08/2022,"$6,328.00",47.0
Kelci Walkden,USA,Organic Choco Syrup,21/07/2022,"$9,870.00",152.0
Curtice Advani,India,Spicy Special Slims,20/06/2022,$161.00,134.0
Roddy Speechley,India,After Nines,22/06/2022,"$2,576.00",112.0
Camilla Castle,Australia,Caramel Stuffed Bars,02/05/2022,"$3,178.00",16.0
Curtice Advani,Australia,99% Dark & Pure,07/01/2022,"$4,676.00",84.0
Mallorie Waber,UK,50% Dark Bites,21/02/2022,"$5,502.00",99.0
Ches Bonnell,Canada,Baker's Choco Chips,21/03/2022,"$7,462.00",371.0
Van Tuxwell,UK,Drinking Coco,04/04/2022,"$5,803.00",136.0
Gunar Cockshoot,Canada,Fruit & Nut Bars,24/03/2022,"$13,888.00",203.0
Gunar Cockshoot,New Zealand,Spicy Special Slims,28/06/2022,"$6,867.00",183.0
Gunar Cockshoot,Australia,Drinking Coco,14/01/2022,"$2,317.00",195.0
Karlen McCaffrey,New Zealand,Fruit & Nut Bars,07/02/2022,"$1,218.00",135.0
Dennison Crosswaite,New Zealand,Drinking Coco,11/01/2022,"$4,109.00",197.0
Jehu Rudeforth,India,99% Dark & Pure,25/02/2022,"$1,953.00",242.0
Dotty Strutley,Australia,Mint Chip Choco,01/08/2022,"$6,790.00",25.0
Roddy Speechley,Australia,Mint Chip Choco,05/05/2022,"$6,797.00",252.0
Madelene Upcott,New Zealand,Raspberry Choco,18/05/2022,"$9,226.00",415.0
Dotty Strutley,New Zealand,Choco Coated Almonds,04/01/2022,"$5,733.00",348.0
Roddy Speechley,New Zealand,50% Dark Bites,09/05/2022,"$4,312.00",211.0
Rafaelita Blaksland,India,Smooth Sliky Salty,06/05/2022,"$1,638.00",81.0
Husein Augar,UK,White Choc,13/01/2022,"$10,815.00",145.0
Roddy Speechley,Australia,Almond Choco,24/06/2022,"$4,466.00",74.0
Van Tuxwell,USA,Caramel Stuffed Bars,14/02/2022,$987.00,21.0
Camilla Castle,Australia,99% Dark & Pure,18/01/2022,"$4,669.00",101.0
Kaine Padly,India,Milk Bars,02/05/2022,"$2,905.00",91.0
Ches Bonnell,Australia,Smooth Sliky Salty,16/05/2022,"$7,490.00",54.0
Mallorie Waber,USA,Almond Choco,28/01/2022,"$6,986.00",368.0
Kaine Padly,Canada,99% Dark & Pure,24/06/2022,"$1,288.00",409.0
Oby Sorrel,UK,After Nines,18/07/2022,"$2,345.00",104.0
Gunar Cockshoot,UK,Eclairs,13/04/2022,"$3,619.00",164.0
Dotty Strutley,USA,Caramel Stuffed Bars,15/04/2022,"$16,982.00",76.0
Jan Morforth,India,Peanut Butter Cubes,04/01/2022,"$8,092.00",178.0
Husein Augar,Australia,Eclairs,04/07/2022,"$6,993.00",31.0
Beverie Moffet,USA,Smooth Sliky Salty,24/03/2022,"$2,317.00",352.0
Camilla Castle,Australia,Manuka Honey Choco,17/03/2022,$637.00,169.0
Oby Sorrel,Australia,Almond Choco,15/02/2022,"$6,034.00",223.0
Jan Morforth,USA,Orange Choco,29/06/2022,$980.00,146.0
Gigi Bohling,USA,Fruit & Nut Bars,24/05/2022,"$2,821.00",112.0
Mallorie Waber,UK,Milk Bars,10/01/2022,"$3,563.00",284.0
Curtice Advani,USA,Raspberry Choco,15/03/2022,"$2,996.00",139.0
Marney O'Breen,Canada,Milk Bars,08/02/2022,"$2,436.00",309.0
Brien Boise,India,Caramel Stuffed Bars,25/02/2022,"$1,540.00",100.0
Gunar Cockshoot,USA,Eclairs,03/05/2022,"$6,916.00",42.0
Roddy Speechley,USA,Fruit & Nut Bars,14/06/2022,"$5,509.00",24.0
Gunar Cockshoot,India,50% Dark Bites,09/08/2022,"$12,992.00",83.0
Wilone O'Kielt,New Zealand,Manuka Honey Choco,11/07/2022,"$3,724.00",234.0
Kaine Padly,UK,Manuka Honey Choco,14/01/2022,"$7,133.00",118.0
Van Tuxwell,Canada,Manuka Honey Choco,24/02/2022,"$8,617.00",46.0
Wilone O'Kielt,New Zealand,Almond Choco,15/03/2022,"$9,198.00",144.0
Oby Sorrel,New Zealand,Baker's Choco Chips,25/04/2022,"$11,823.00",47.0
Dennison Crosswaite,Australia,Organic Choco Syrup,10/05/2022,"$5,775.00",41.0
Marney O'Breen,Australia,Spicy Special Slims,23/06/2022,"$13,125.00",275.0
Beverie Moffet,Canada,Smooth Sliky Salty,28/02/2022,"$14,287.00",370.0
Brien Boise,USA,Organic Choco Syrup,25/05/2022,"$16,233.00",138.0
Roddy Speechley,New Zealand,Baker's Choco Chips,22/02/2022,"$5,313.00",215.0
Van Tuxwell,UK,85% Dark Bars,11/07/2022,"$3,577.00",134.0
Marney O'Breen,Canada,Spicy Special Slims,03/01/2022,"$3,528.00",336.0
Rafaelita Blaksland,New Zealand,70% Dark Bites,24/08/2022,$679.00,280.0
Beverie Moffet,USA,50% Dark Bites,28/07/2022,"$2,450.00",352.0
Brien Boise,USA,Mint Chip Choco,25/05/2022,"$10,577.00",150.0
Karlen McCaffrey,New Zealand,Eclairs,06/05/2022,"$2,597.00",177.0
Barr Faughny,India,Drinking Coco,28/01/2022,"$2,219.00",142.0
Marney O'Breen,UK,Orange Choco,06/06/2022,"$11,319.00",12.0
Brien Boise,New Zealand,Baker's Choco Chips,12/07/2022,"$5,978.00",24.0
Ches Bonnell,Canada,Spicy Special Slims,05/08/2022,"$5,327.00",183.0
Brien Boise,USA,Orange Choco,28/01/2022,"$6,020.00",147.0
Kaine Padly,India,Spicy Special Slims,31/08/2022,"$5,614.00",137.0
Mallorie Waber,USA,50% Dark Bites,19/04/2022,"$1,736.00",13.0
Mallorie Waber,UK,Mint Chip Choco,29/06/2022,"$6,384.00",2.0
Beverie Moffet,India,Choco Coated Almonds,24/02/2022,"$3,577.00",261.0
Madelene Upcott,UK,Smooth Sliky Salty,04/03/2022,"$14,539.00",84.0
Gigi Bohling,India,Eclairs,21/06/2022,"$3,493.00",68.0
Rafaelita Blaksland,Australia,Organic Choco Syrup,26/01/2022,$994.00,105.0
Oby Sorrel,New Zealand,White Choc,10/06/2022,"$4,361.00",40.0
Andria Kimpton,UK,Drinking Coco,23/05/2022,"$1,554.00",65.0
Kelci Walkden,India,Milk Bars,15/04/2022,$966.00,107.0
Karlen McCaffrey,New Zealand,Caramel Stuffed Bars,31/01/2022,"$5,334.00",227.0
Andria Kimpton,New Zealand,Organic Choco Syrup,04/03/2022,"$4,935.00",39.0
Barr Faughny,New Zealand,After Nines,19/04/2022,"$10,024.00",84.0
Beverie Moffet,UK,Almond Choco,16/05/2022,"$2,506.00",100.0
Oby Sorrel,Australia,Raspberry Choco,17/02/2022,"$1,043.00",120.0
Dennison Crosswaite,USA,Raspberry Choco,18/01/2022,"$6,524.00",257.0
Roddy Speechley,Canada,Orange Choco,09/02/2022,"$8,148.00",85.0
Mallorie Waber,Canada,Orange Choco,23/03/2022,"$3,577.00",178.0
Madelene Upcott,New Zealand,Caramel Stuffed Bars,01/02/2022,"$3,374.00",151.0
Mallorie Waber,India,Drinking Coco,07/03/2022,"$3,948.00",142.0
Ches Bonnell,UK,White Choc,03/01/2022,"$3,269.00",226.0
Ches Bonnell,USA,White Choc,11/02/2022,"$5,271.00",341.0
Dennison Crosswaite,New Zealand,Orange Choco,16/03/2022,"$4,571.00",140.0
Dotty Strutley,India,White Choc,15/08/2022,"$12,327.00",330.0
Gigi Bohling,India,Manuka Honey Choco,12/05/2022,"$4,935.00",73.0
Van Tuxwell,India,Spicy Special Slims,11/04/2022,"$6,167.00",4.0
Jan Morforth,New Zealand,Mint Chip Choco,30/06/2022,"$18,340.00",285.0
Dotty Strutley,New Zealand,White Choc,15/06/2022,"$7,014.00",60.0
Rafaelita Blaksland,Canada,Caramel Stuffed Bars,01/08/2022,"$7,119.00",101.0
Kaine Padly,USA,Milk Bars,15/06/2022,"$15,491.00",58.0
Brien Boise,India,After Nines,16/06/2022,"$5,747.00",45.0
Oby Sorrel,New Zealand,Raspberry Choco,13/05/2022,"$4,550.00",281.0
Dennison Crosswaite,USA,Drinking Coco,10/05/2022,"$2,191.00",138.0
Oby Sorrel,India,Eclairs,25/08/2022,"$5,663.00",322.0
Ches Bonnell,New Zealand,Organic Choco Syrup,15/07/2022,"$7,623.00",85.0
Gigi Bohling,UK,Baker's Choco Chips,16/05/2022,"$9,023.00",409.0
Jan Morforth,Australia,50% Dark Bites,14/06/2022,"$3,402.00",182.0
Beverie Moffet,Australia,Smooth Sliky Salty,25/01/2022,"$10,507.00",467.0
Ches Bonnell,USA,Organic Choco Syrup,28/07/2022,"$7,721.00",14.0
Brien Boise,Canada,Mint Chip Choco,28/01/2022,"$5,033.00",178.0
Kaine Padly,UK,Orange Choco,29/06/2022,"$1,960.00",191.0
Karlen McCaffrey,Australia,70% Dark Bites,24/06/2022,$238.00,317.0
Gunar Cockshoot,Canada,Mint Chip Choco,01/07/2022,"$7,756.00",410.0
Roddy Speechley,USA,Peanut Butter Cubes,25/02/2022,"$1,736.00",137.0
Curtice Advani,Canada,Smooth Sliky Salty,01/08/2022,"$2,660.00",12.0
Oby Sorrel,Australia,Milk Bars,21/06/2022,"$7,672.00",254.0
Camilla Castle,New Zealand,Spicy Special Slims,25/01/2022,"$11,564.00",24.0
Gigi Bohling,UK,Milk Bars,17/05/2022,"$1,365.00",232.0
Andria Kimpton,Australia,85% Dark Bars,23/08/2022,"$4,186.00",233.0
Camilla Castle,Australia,Smooth Sliky Salty,03/03/2022,"$7,406.00",118.0
Roddy Speechley,India,Caramel Stuffed Bars,30/05/2022,"$8,911.00",473.5
Karlen McCaffrey,USA,Drinking Coco,29/06/2022,$112.00,223.0
Andria Kimpton,Canada,Organic Choco Syrup,04/01/2022,"$8,204.00",204.0
Jehu Rudeforth,Australia,Drinking Coco,14/01/2022,"$2,611.00",65.0
Karlen McCaffrey,USA,Mint Chip Choco,15/02/2022,"$15,652.00",53.0
Curtice Advani,New Zealand,Spicy Special Slims,10/01/2022,"$4,074.00",469.0
Madelene Upcott,USA,White Choc,04/05/2022,"$12,250.00",213.0
Andria Kimpton,USA,Spicy Special Slims,23/05/2022,"$2,366.00",5.0
Barr Faughny,New Zealand,Fruit & Nut Bars,26/04/2022,"$1,687.00",147.0
Oby Sorrel,Canada,Organic Choco Syrup,05/07/2022,"$1,232.00",74.0
Madelene Upcott,UK,Organic Choco Syrup,21/07/2022,"$6,965.00",163.0
Dotty Strutley,USA,Mint Chip Choco,21/02/2022,"$5,292.00",248.0
Kelci Walkden,USA,Orange Choco,03/02/2022,"$1,379.00",138.0
Gigi Bohling,Australia,Caramel Stuffed Bars,08/07/2022,"$8,001.00",151.0
Mallorie Waber,India,50% Dark Bites,31/05/2022,$588.00,139.0
Van Tuxwell,New Zealand,Mint Chip Choco,27/06/2022,"$4,046.00",103.0
Van Tuxwell,India,50% Dark Bites,13/05/2022,"$5,103.00",129.0
Van Tuxwell,USA,Manuka Honey Choco,31/05/2022,"$2,317.00",102.0
Wilone O'Kielt,USA,Orange Choco,28/02/2022,"$7,042.00",37.0
Barr Faughny,New Zealand,Eclairs,28/03/2022,"$6,713.00",31.0
Gigi Bohling,USA,After Nines,14/01/2022,"$1,848.00",227.0
Barr Faughny,New Zealand,Mint Chip Choco,21/02/2022,"$6,440.00",145.0
Dennison Crosswaite,Canada,85% Dark Bars,01/08/2022,"$10,885.00",90.0
Beverie Moffet,New Zealand,Smooth Sliky Salty,19/05/2022,"$2,387.00",59.0
Husein Augar,USA,White Choc,13/07/2022,"$2,030.00",60.0
Andria Kimpton,Australia,Peanut Butter Cubes,20/04/2022,"$6,678.00",148.0
Dennison Crosswaite,India,85% Dark Bars,30/06/2022,"$4,515.00",22.0
Curtice Advani,UK,50% Dark Bites,08/03/2022,"$3,374.00",142.0
Gunar Cockshoot,USA,Fruit & Nut Bars,09/03/2022,"$5,852.00",93.0
Oby Sorrel,Canada,Raspberry Choco,16/06/2022,"$1,750.00",208.0
Gigi Bohling,UK,Drinking Coco,30/06/2022,"$5,782.00",42.0
Kelci Walkden,India,Mint Chip Choco,28/07/2022,"$2,870.00",120.0
Karlen McCaffrey,Canada,Peanut Butter Cubes,12/08/2022,"$3,094.00",159.0
Barr Faughny,UK,Mint Chip Choco,07/07/2022,"$3,724.00",316.0
Barr Faughny,USA,85% Dark Bars,25/08/2022,"$12,761.00",47.0
Husein Augar,Canada,Eclairs,17/01/2022,"$3,696.00",233.0
Jan Morforth,Australia,70% Dark Bites,04/03/2022,"$5,222.00",384.0
Marney O'Breen,New Zealand,Fruit & Nut Bars,25/08/2022,"$8,939.00",4.0
Ches Bonnell,UK,Peanut Butter Cubes,15/04/2022,"$2,156.00",260.0
Kaine Padly,USA,Organic Choco Syrup,11/03/2022,"$2,380.00",22.0
Camilla Castle,USA,Raspberry Choco,20/05/2022,"$3,339.00",18.0
Brien Boise,New Zealand,Manuka Honey Choco,14/06/2022,"$14,980.00",42.0
Jehu Rudeforth,New Zealand,After Nines,14/04/2022,"$1,512.00",73.0
Jehu Rudeforth,USA,Smooth Sliky Salty,07/07/2022,"$6,657.00",154.0
Madelene Upcott,India,Mint Chip Choco,24/08/2022,"$3,836.00",71.0
Jehu Rudeforth,India,Eclairs,24/02/2022,"$8,771.00",127.0
Karlen McCaffrey,Canada,Raspberry Choco,09/05/2022,$651.00,224.0
Kaine Padly,Australia,70% Dark Bites,08/02/2022,"$6,706.00",223.0
Roddy Speechley,UK,70% Dark Bites,24/03/2022,"$1,421.00",284.0
Rafaelita Blaksland,USA,Drinking Coco,20/06/2022,"$8,526.00",73.0
Mallorie Waber,Canada,Manuka Honey Choco,07/03/2022,"$1,435.00",112.0
Kaine Padly,Australia,Fruit & Nut Bars,20/06/2022,"$7,434.00",85.0
Oby Sorrel,New Zealand,Organic Choco Syrup,17/02/2022,"$15,316.00",270.0
Madelene Upcott,UK,99% Dark & Pure,26/01/2022,"$10,479.00",45.0
Madelene Upcott,Australia,Mint Chip Choco,02/05/2022,"$2,751.00",153.0
Curtice Advani,Canada,99% Dark & Pure,07/07/2022,"$12,586.00",7.0
Rafaelita Blaksland,Australia,Baker's Choco Chips,22/08/2022,"$2,786.00",51.0
Karlen McCaffrey,Australia,After Nines,11/08/2022,"$2,303.00",67.0
Marney O'Breen,UK,99% Dark & Pure,13/01/2022,"$8,113.00",194.0
Gunar Cockshoot,Australia,50% Dark Bites,02/03/2022,"$12,271.00",116.0
Marney O'Breen,Australia,Choco Coated Almonds,27/07/2022,"$11,298.00",41.0
Kelci Walkden,New Zealand,Drinking Coco,10/03/2022,"$15,855.00",111.0
Beverie Moffet,USA,85% Dark Bars,23/08/2022,"$12,404.00",334.0
Roddy Speechley,USA,Eclairs,25/04/2022,"$3,990.00",155.0
Dennison Crosswaite,UK,Milk Bars,07/03/2022,"$10,808.00",407.0
Wilone O'Kielt,UK,Organic Choco Syrup,12/07/2022,"$4,858.00",52.0
Madelene Upcott,USA,Orange Choco,16/05/2022,"$7,742.00",138.0
Gunar Cockshoot,India,Smooth Sliky Salty,02/03/2022,"$3,752.00",70.0
Marney O'Breen,New Zealand,85% Dark Bars,30/05/2022,"$1,218.00",149.0
Marney O'Breen,UK,Manuka Honey Choco,10/06/2022,"$10,983.00",179.0
Brien Boise,USA,99% Dark & Pure,25/07/2022,"$6,769.00",353.0
Beverie Moffet,New Zealand,Mint Chip Choco,09/06/2022,"$4,361.00",97.0
Dennison Crosswaite,USA,Milk Bars,12/05/2022,$777.00,60.0
Gunar Cockshoot,USA,Drinking Coco,09/05/2022,"$3,843.00",5.0
Brien Boise,Canada,Manuka Honey Choco,09/08/2022,"$6,930.00",182.0
Van Tuxwell,India,Choco Coated Almonds,13/04/2022,"$5,733.00",114.0
Andria Kimpton,USA,Caramel Stuffed Bars,02/05/2022,"$8,393.00",46.0
Dotty Strutley,USA,99% Dark & Pure,09/08/2022,"$3,822.00",320.0
Camilla Castle,Australia,Raspberry Choco,23/08/2022,"$6,342.00",178.0
Gunar Cockshoot,India,Spicy Special Slims,13/05/2022,"$6,510.00",170.0
Karlen McCaffrey,USA,Manuka Honey Choco,01/02/2022,"$10,171.00",67.0
Camilla Castle,USA,50% Dark Bites,23/06/2022,"$5,908.00",301.0
Madelene Upcott,UK,Choco Coated Almonds,24/05/2022,"$10,164.00",134.0
Jan Morforth,Canada,Mint Chip Choco,01/04/2022,"$1,064.00",211.0
Camilla Castle,Canada,70% Dark Bites,27/07/2022,"$9,716.00",151.0
Ches Bonnell,India,Peanut Butter Cubes,27/01/2022,"$22,050.00",208.0
Jan Morforth,India,Choco Coated Almonds,12/08/2022,"$2,541.00",134.0
Gigi Bohling,Canada,Almond Choco,01/02/2022,"$9,989.00",49.0
Rafaelita Blaksland,India,After Nines,02/03/2022,"$4,739.00",204.0
Kelci Walkden,Australia,99% Dark & Pure,30/06/2022,"$3,185.00",34.0
Dotty Strutley,Australia,Spicy Special Slims,17/01/2022,"$8,225.00",91.0
Brien Boise,USA,Milk Bars,07/07/2022,"$14,301.00",130.0
Mallorie Waber,New Zealand,Mint Chip Choco,31/01/2022,"$1,316.00",107.0
Beverie Moffet,UK,99% Dark & Pure,10/08/2022,"$3,486.00",121.0
Beverie Moffet,USA,Peanut Butter Cubes,18/08/2022,"$13,930.00",339.0
Brien Boise,New Zealand,White Choc,15/06/2022,"$5,509.00",321.0
Marney O'Breen,USA,Baker's Choco Chips,26/01/2022,"$8,470.00",9.0
Kelci Walkden,USA,Spicy Special Slims,29/04/2022,$77.00,69.0
Mallorie Waber,Canada,White Choc,03/03/2022,"$3,381.00",72.0
Kaine Padly,Australia,Almond Choco,22/02/2022,"$4,102.00",392.0
Oby Sorrel,USA,Smooth Sliky Salty,04/03/2022,"$3,577.00",158.0
Dennison Crosswaite,India,Smooth Sliky Salty,07/07/2022,"$2,975.00",9.0
Camilla Castle,New Zealand,Caramel Stuffed Bars,17/06/2022,"$4,137.00",347.0
Jan Morforth,Canada,Caramel Stuffed Bars,02/08/2022,"$9,541.00",114.0
Oby Sorrel,USA,Baker's Choco Chips,12/08/2022,"$8,001.00",120.0
Madelene Upcott,New Zealand,Peanut Butter Cubes,28/01/2022,"$5,152.00",333.0
Kelci Walkden,Australia,Orange Choco,29/04/2022,"$11,116.00",432.0
Marney O'Breen,Australia,Manuka Honey Choco,05/04/2022,"$13,076.00",236.0
Kaine Padly,Canada,Manuka Honey Choco,18/01/2022,"$10,213.00",135.0
Jehu Rudeforth,UK,Baker's Choco Chips,16/05/2022,"$2,485.00",97.0
Kelci Walkden,Australia,White Choc,24/08/2022,"$8,715.00",168.0
Curtice Advani,India,85% Dark Bars,18/01/2022,$273.00,402.0
Kaine Padly,USA,Eclairs,22/08/2022,"$7,623.00",10.0
Gunar Cockshoot,UK,99% Dark & Pure,07/03/2022,$7.00,84.0
Beverie Moffet,UK,Choco Coated Almonds,04/03/2022,"$3,010.00",69.0
Dotty Strutley,Canada,Manuka Honey Choco,22/04/2022,"$11,550.00",111.0
Kaine Padly,Australia,Milk Bars,09/06/2022,"$4,046.00",89.0
Jan Morforth,Canada,Fruit & Nut Bars,25/07/2022,"$8,904.00",199.0
Jan Morforth,India,Smooth Sliky Salty,03/08/2022,"$11,298.00",89.0
Rafaelita Blaksland,Australia,Manuka Honey Choco,03/08/2022,"$4,396.00",131.0
Jehu Rudeforth,UK,Milk Bars,03/05/2022,"$12,068.00",227.0
Husein Augar,Canada,After Nines,19/01/2022,"$9,772.00",301.0
Roddy Speechley,USA,50% Dark Bites,11/02/2022,"$10,458.00",316.0
Van Tuxwell,India,Almond Choco,14/06/2022,"$6,426.00",390.0
Kelci Walkden,USA,50% Dark Bites,23/03/2022,"$6,188.00",223.0
Madelene Upcott,Canada,85% Dark Bars,17/02/2022,"$7,504.00",101.0
Dennison Crosswaite,Canada,Smooth Sliky Salty,17/03/2022,"$1,750.00",473.5
Mallorie Waber,Australia,Spicy Special Slims,29/06/2022,"$5,439.00",287.0
Ches Bonnell,Canada,Choco Coated Almonds,24/08/2022,"$15,547.00",269.0
Gigi Bohling,Canada,Spicy Special Slims,04/07/2022,"$11,956.00",277.0
Roddy Speechley,New Zealand,Almond Choco,28/03/2022,"$2,723.00",67.0
Curtice Advani,India,Smooth Sliky Salty,19/04/2022,"$19,327.00",135.0
Ches Bonnell,New Zealand,Mint Chip Choco,18/01/2022,"$9,058.00",229.0
Van Tuxwell,New Zealand,Fruit & Nut Bars,17/01/2022,"$2,996.00",88.0
Andria Kimpton,New Zealand,Mint Chip Choco,15/02/2022,"$8,848.00",211.0
Andria Kimpton,UK,Milk Bars,11/02/2022,"$14,336.00",293.0
Camilla Castle,USA,Manuka Honey Choco,21/03/2022,"$16,401.00",179.0
Gunar Cockshoot,New Zealand,Almond Choco,05/01/2022,"$5,173.00",129.0
Brien Boise,India,Raspberry Choco,30/05/2022,"$6,328.00",164.0
Jehu Rudeforth,USA,99% Dark & Pure,04/01/2022,"$2,534.00",219.0
Beverie Moffet,Australia,Fruit & Nut Bars,22/04/2022,"$1,435.00",258.0
Gigi Bohling,Canada,Milk Bars,10/02/2022,"$3,052.00",116.0
Dotty Strutley,India,Spicy Special Slims,12/08/2022,$910.00,204.0
Gunar Cockshoot,USA,Organic Choco Syrup,10/08/2022,"$2,331.00",321.0
Kelci Walkden,Australia,Raspberry Choco,07/06/2022,$679.00,56.0
Jehu Rudeforth,India,Baker's Choco Chips,06/06/2022,"$2,086.00",74.0
Karlen McCaffrey,New Zealand,Baker's Choco Chips,05/04/2022,"$5,012.00",189.0
Wilone O'Kielt,USA,50% Dark Bites,18/04/2022,"$4,501.00",131.0
Andria Kimpton,India,50% Dark Bites,31/01/2022,"$13,482.00",15.0
Madelene Upcott,USA,Baker's Choco Chips,22/08/2022,"$5,621.00",140.0
Jehu Rudeforth,Australia,99% Dark & Pure,25/02/2022,"$10,486.00",198.0
Jan Morforth,Australia,Mint Chip Choco,22/02/2022,"$17,626.00",103.0
Oby Sorrel,New Zealand,Milk Bars,12/01/2022,"$4,494.00",187.0
Brien Boise,UK,Almond Choco,25/05/2022,$105.00,125.0
Kelci Walkden,India,Smooth Sliky Salty,01/02/2022,"$2,464.00",8.0
Rafaelita Blaksland,UK,Eclairs,27/04/2022,"$1,379.00",70.0
Gigi Bohling,USA,Smooth Sliky Salty,22/07/2022,"$2,583.00",126.0
Curtice Advani,New Zealand,Mint Chip Choco,26/01/2022,"$3,220.00",265.0
Curtice Advani,USA,Mint Chip Choco,24/08/2022,"$4,802.00",296.0
Madelene Upcott,New Zealand,Fruit & Nut Bars,18/01/2022,"$5,677.00",21.0
Karlen McCaffrey,India,85% Dark Bars,30/03/2022,$945.00,83.0
Ches Bonnell,Australia,Caramel Stuffed Bars,17/01/2022,"$8,757.00",162.0
Kelci Walkden,USA,Fruit & Nut Bars,17/02/2022,"$4,816.00",145.0
Kelci Walkden,Canada,Peanut Butter Cubes,08/04/2022,"$7,532.00",44.0
Gigi Bohling,Canada,Drinking Coco,06/07/2022,"$3,549.00",82.0
Husein Augar,India,Fruit & Nut Bars,04/04/2022,"$4,340.00",226.0
Jan Morforth,New Zealand,Organic Choco Syrup,02/03/2022,"$1,799.00",207.0
Gigi Bohling,New Zealand,Raspberry Choco,09/08/2022,"$1,127.00",176.0
Dennison Crosswaite,Australia,Milk Bars,09/06/2022,"$10,038.00",286.0
Ches Bonnell,UK,Caramel Stuffed Bars,02/06/2022,"$2,926.00",300.0
Van Tuxwell,USA,Fruit & Nut Bars,05/07/2022,"$6,279.00",235.0
Andria Kimpton,Canada,Eclairs,11/08/2022,$308.00,125.0
Madelene Upcott,India,Choco Coated Almonds,11/02/2022,"$3,500.00",145.0
Kelci Walkden,New Zealand,Spicy Special Slims,11/08/2022,$658.00,65.0
Roddy Speechley,Australia,Drinking Coco,12/05/2022,"$12,565.00",102.0
Wilone O'Kielt,USA,Milk Bars,15/07/2022,"$5,012.00",93.0
Andria Kimpton,India,Organic Choco Syrup,18/01/2022,"$3,955.00",134.0
Madelene Upcott,UK,Fruit & Nut Bars,05/01/2022,"$8,512.00",189.0
Curtice Advani,Australia,50% Dark Bites,29/06/2022,$504.00,232.0
Brien Boise,Canada,Raspberry Choco,14/06/2022,"$2,800.00",45.0
Gunar Cockshoot,India,Mint Chip Choco,08/08/2022,"$4,256.00",67.0
Dennison Crosswaite,India,Mint Chip Choco,23/03/2022,"$13,573.00",138.0
Barr Faughny,India,Caramel Stuffed Bars,04/01/2022,"$6,566.00",99.0
Brien Boise,India,Milk Bars,22/02/2022,"$13,503.00",251.0
Beverie Moffet,UK,Spicy Special Slims,17/02/2022,"$8,680.00",252.0
Barr Faughny,USA,Almond Choco,03/02/2022,$385.00,78.0
Van Tuxwell,Canada,Raspberry Choco,17/03/2022,"$1,267.00",130.0
Wilone O'Kielt,Australia,Baker's Choco Chips,25/01/2022,"$2,961.00",154.0
Brien Boise,Australia,Milk Bars,27/07/2022,"$1,981.00",52.0
Husein Augar,Australia,Fruit & Nut Bars,28/01/2022,"$7,959.00",53.0
Madelene Upcott,Australia,Organic Choco Syrup,05/07/2022,"$10,794.00",50.0
Van Tuxwell,India,White Choc,15/03/2022,"$1,897.00",44.0
Gunar Cockshoot,Canada,After Nines,04/08/2022,"$2,744.00",200.0
Jan Morforth,USA,Fruit & Nut Bars,27/06/2022,"$4,382.00",361.0
Jan Morforth,Canada,After Nines,13/07/2022,"$4,515.00",172.0
Barr Faughny,New Zealand,Manuka Honey Choco,24/02/2022,"$5,474.00",239.0
Karlen McCaffrey,New Zealand,85% Dark Bars,28/06/2022,"$6,069.00",55.0
Oby Sorrel,Australia,85% Dark Bars,30/06/2022,"$6,944.00",27.0
Curtice Advani,Canada,Choco Coated Almonds,18/08/2022,"$5,859.00",7.0
Kaine Padly,India,70% Dark Bites,24/01/2022,"$12,173.00",301.0
Beverie Moffet,USA,White Choc,11/03/2022,"$5,292.00",134.0
Ches Bonnell,New Zealand,After Nines,23/06/2022,"$5,705.00",350.0
Husein Augar,India,Spicy Special Slims,22/08/2022,"$2,492.00",33.0
Gunar Cockshoot,Canada,50% Dark Bites,04/01/2022,"$3,024.00",23.0
Curtice Advani,India,Milk Bars,05/04/2022,"$3,437.00",201.0
Beverie Moffet,India,Milk Bars,15/04/2022,"$1,869.00",323.0
Husein Augar,Australia,White Choc,11/05/2022,"$3,171.00",220.0
Andria Kimpton,Canada,Manuka Honey Choco,21/07/2022,"$4,858.00",473.5
Jan Morforth,New Zealand,Orange Choco,11/02/2022,"$1,225.00",84.0
Andria Kimpton,Canada,Smooth Sliky Salty,08/07/2022,"$1,155.00",79.0
Gunar Cockshoot,UK,Raspberry Choco,11/08/2022,"$6,811.00",344.0
Husein Augar,New Zealand,After Nines,04/08/2022,"$6,433.00",7.0
Andria Kimpton,New Zealand,Orange Choco,14/06/2022,"$8,169.00",88.0
Dennison Crosswaite,UK,Baker's Choco Chips,17/01/2022,"$2,275.00",275.0
Jehu Rudeforth,Canada,Orange Choco,23/06/2022,"$3,857.00",473.5
Jehu Rudeforth,UK,Smooth Sliky Salty,24/08/2022,"$1,463.00",113.0
Andria Kimpton,UK,Caramel Stuffed Bars,07/06/2022,"$7,924.00",275.0
Jan Morforth,UK,White Choc,22/06/2022,"$8,799.00",47.0
Dotty Strutley,USA,Fruit & Nut Bars,13/07/2022,"$2,898.00",276.0
Kelci Walkden,UK,Choco Coated Almonds,24/05/2022,"$9,506.00",212.0
Gunar Cockshoot,New Zealand,After Nines,09/08/2022,"$7,175.00",145.0
Kaine Padly,Canada,85% Dark Bars,06/04/2022,"$1,729.00",31.0
Jan Morforth,New Zealand,Manuka Honey Choco,28/07/2022,"$1,589.00",271.0
Gunar Cockshoot,New Zealand,Raspberry Choco,24/08/2022,$630.00,52.0
Van Tuxwell,Australia,99% Dark & Pure,17/01/2022,$112.00,128.0
Curtice Advani,USA,Drinking Coco,07/02/2022,"$5,187.00",142.0
Brien Boise,Australia,Spicy Special Slims,09/05/2022,"$6,223.00",256.0
Mallorie Waber,New Zealand,85% Dark Bars,06/06/2022,"$7,714.00",106.0
Wilone O'Kielt,USA,Choco Coated Almonds,06/06/2022,"$9,457.00",6.0
Beverie Moffet,New Zealand,Organic Choco Syrup,24/05/2022,"$6,678.00",226.0
Gunar Cockshoot,UK,50% Dark Bites,13/01/2022,"$2,107.00",121.0
Marney O'Breen,USA,Raspberry Choco,23/05/2022,"$6,069.00",151.0
Jehu Rudeforth,UK,White Choc,29/06/2022,"$1,862.00",284.0
Jehu Rudeforth,New Zealand,85% Dark Bars,11/03/2022,"$6,972.00",89.0
Dotty Strutley,USA,85% Dark Bars,25/04/2022,"$10,220.00",473.5
Rafaelita Blaksland,Australia,Smooth Sliky Salty,30/05/2022,"$3,969.00",243.0
Curtice Advani,India,Manuka Honey Choco,23/05/2022,"$1,547.00",170.0
Mallorie Waber,USA,Peanut Butter Cubes,23/05/2022,"$1,162.00",18.0
Van Tuxwell,Canada,Peanut Butter Cubes,24/06/2022,"$6,342.00",282.0
Kelci Walkden,New Zealand,Smooth Sliky Salty,11/03/2022,"$10,633.00",277.0
Rafaelita Blaksland,USA,Smooth Sliky Salty,27/07/2022,"$15,057.00",212.0
Rafaelita Blaksland,USA,White Choc,16/08/2022,"$4,704.00",126.0
Roddy Speechley,Canada,Smooth Sliky Salty,07/03/2022,"$9,338.00",11.0
Curtice Advani,New Zealand,After Nines,05/04/2022,"$7,959.00",30.0
Camilla Castle,India,85% Dark Bars,04/05/2022,"$9,023.00",51.0
Ches Bonnell,USA,Choco Coated Almonds,04/01/2022,"$14,525.00",92.0
Marney O'Breen,Australia,Baker's Choco Chips,13/01/2022,"$5,810.00",101.0
Wilone O'Kielt,New Zealand,Fruit & Nut Bars,11/07/2022,"$6,426.00",98.0
Kaine Padly,Australia,Mint Chip Choco,17/05/2022,"$4,403.00",159.0
Camilla Castle,New Zealand,Peanut Butter Cubes,21/07/2022,"$1,582.00",62.0
Curtice Advani,Canada,Organic Choco Syrup,22/02/2022,$791.00,22.0
Jan Morforth,India,99% Dark & Pure,23/05/2022,"$9,100.00",187.0
Rafaelita Blaksland,Canada,Drinking Coco,12/07/2022,"$9,884.00",200.0
Jan Morforth,UK,Orange Choco,15/06/2022,"$3,780.00",201.0
Barr Faughny,New Zealand,50% Dark Bites,23/06/2022,"$4,557.00",308.0
Curtice Advani,Australia,Eclairs,25/03/2022,"$5,796.00",55.0
Jan Morforth,India,Caramel Stuffed Bars,04/07/2022,$84.00,153.0
Andria Kimpton,UK,White Choc,12/05/2022,"$9,037.00",101.0
Camilla Castle,New Zealand,Raspberry Choco,04/04/2022,"$4,746.00",137.0
Madelene Upcott,Australia,Orange Choco,15/04/2022,"$6,713.00",398.0
Roddy Speechley,Canada,Eclairs,08/03/2022,"$6,237.00",88.0
Karlen McCaffrey,India,White Choc,17/01/2022,"$7,483.00",232.0
Wilone O'Kielt,India,Mint Chip Choco,22/08/2022,"$1,309.00",51.0
Andria Kimpton,UK,99% Dark & Pure,25/07/2022,"$1,155.00",66.0
Marney O'Breen,UK,50% Dark Bites,14/06/2022,"$2,989.00",124.0
Ches Bonnell,India,Choco Coated Almonds,05/04/2022,"$9,625.00",78.0
Madelene Upcott,UK,Raspberry Choco,26/08/2022,"$7,357.00",341.0
Wilone O'Kielt,Australia,50% Dark Bites,03/08/2022,"$10,031.00",114.0
Gigi Bohling,Canada,White Choc,11/07/2022,"$6,587.00",4.0
Wilone O'Kielt,New Zealand,Eclairs,11/03/2022,"$3,311.00",22.0
Brien Boise,UK,Peanut Butter Cubes,10/01/2022,"$15,330.00",30.0
Roddy Speechley,UK,Baker's Choco Chips,04/04/2022,"$14,028.00",351.0
Karlen McCaffrey,Australia,50% Dark Bites,17/01/2022,"$6,678.00",473.5
Marney O'Breen,New Zealand,Organic Choco Syrup,08/07/2022,"$8,624.00",50.0
Jan Morforth,UK,Organic Choco Syrup,12/04/2022,"$1,197.00",356.0
Rafaelita Blaksland,Canada,Fruit & Nut Bars,24/08/2022,$483.00,185.0
Ches Bonnell,UK,Choco Coated Almonds,07/06/2022,"$1,687.00",236.0
Gunar Cockshoot,Canada,Almond Choco,28/07/2022,"$1,309.00",30.0
Husein Augar,USA,99% Dark & Pure,21/02/2022,"$9,534.00",111.0
Dennison Crosswaite,Canada,Mint Chip Choco,08/04/2022,"$1,694.00",289.0
Brien Boise,UK,Manuka Honey Choco,28/06/2022,$70.00,103.0
Van Tuxwell,UK,Baker's Choco Chips,24/03/2022,"$2,443.00",20.0
Barr Faughny,Australia,Caramel Stuffed Bars,29/07/2022,"$2,933.00",55.0
Dennison Crosswaite,USA,Eclairs,25/05/2022,"$2,044.00",90.0
Gigi Bohling,Australia,Raspberry Choco,30/03/2022,"$6,524.00",303.0
Dennison Crosswaite,USA,Organic Choco Syrup,18/07/2022,"$12,656.00",126.0
Beverie Moffet,Canada,Orange Choco,10/05/2022,"$8,722.00",109.0
Mallorie Waber,Australia,Choco Coated Almonds,18/03/2022,"$15,750.00",92.0
Ches Bonnell,India,Caramel Stuffed Bars,15/06/2022,"$6,839.00",56.0
Van Tuxwell,Canada,50% Dark Bites,12/05/2022,"$13,685.00",58.0
Kelci Walkden,New Zealand,Baker's Choco Chips,23/06/2022,"$2,912.00",110.0
Beverie Moffet,India,Spicy Special Slims,21/04/2022,"$3,339.00",171.0
Gigi Bohling,Australia,Almond Choco,17/08/2022,$910.00,117.0
Rafaelita Blaksland,New Zealand,Eclairs,07/02/2022,"$19,481.00",51.0
Kelci Walkden,Canada,Smooth Sliky Salty,17/03/2022,"$8,099.00",118.0
Jan Morforth,India,Baker's Choco Chips,01/08/2022,"$13,727.00",79.0
Jehu Rudeforth,Australia,Milk Bars,18/03/2022,"$8,659.00",29.0
Gigi Bohling,Canada,Fruit & Nut Bars,14/06/2022,"$5,782.00",103.0
Beverie Moffet,UK,Eclairs,22/04/2022,"$8,463.00",155.0
Marney O'Breen,New Zealand,Eclairs,18/01/2022,"$4,914.00",31.0
Husein Augar,Australia,99% Dark & Pure,26/08/2022,"$3,087.00",128.0
Gunar Cockshoot,New Zealand,Fruit & Nut Bars,10/06/2022,"$9,205.00",419.0
Curtice Advani,Canada,70% Dark Bites,31/01/2022,"$2,303.00",7.0
Kelci Walkden,New Zealand,Manuka Honey Choco,08/04/2022,"$1,358.00",106.0
Dotty Strutley,Australia,Baker's Choco Chips,07/06/2022,"$3,605.00",68.0
Barr Faughny,Australia,85% Dark Bars,10/02/2022,"$8,498.00",44.0
Beverie Moffet,Australia,50% Dark Bites,16/05/2022,$700.00,457.0
Gunar Cockshoot,India,Baker's Choco Chips,18/03/2022,"$2,191.00",473.5
Van Tuxwell,Australia,50% Dark Bites,13/07/2022,$644.00,137.0
Oby Sorrel,USA,Manuka Honey Choco,25/07/2022,"$4,340.00",86.0
Van Tuxwell,Canada,Choco Coated Almonds,19/08/2022,"$2,282.00",296.0
Karlen McCaffrey,Canada,70% Dark Bites,24/06/2022,"$7,714.00",473.5
Kelci Walkden,Canada,Fruit & Nut Bars,20/06/2022,$826.00,149.0
Camilla Castle,India,99% Dark & Pure,02/08/2022,$203.00,207.0
Madelene Upcott,New Zealand,70% Dark Bites,22/02/2022,"$13,356.00",93.0
Mallorie Waber,New Zealand,Orange Choco,01/02/2022,"$6,510.00",23.0
Jan Morforth,Canada,70% Dark Bites,14/02/2022,"$5,894.00",305.0
Kelci Walkden,Australia,Milk Bars,24/02/2022,"$7,910.00",125.0
Dennison Crosswaite,India,Orange Choco,18/03/2022,$784.00,129.0
Husein Augar,UK,Eclairs,30/08/2022,"$1,750.00",252.0
Gigi Bohling,USA,Peanut Butter Cubes,09/05/2022,$280.00,75.0
Wilone O'Kielt,USA,Smooth Sliky Salty,18/01/2022,$504.00,87.0
Curtice Advani,India,White Choc,04/07/2022,"$7,154.00",342.0
Oby Sorrel,New Zealand,Spicy Special Slims,03/06/2022,"$1,617.00",13.0
Beverie Moffet,New Zealand,Peanut Butter Cubes,23/02/2022,"$10,822.00",30.0
Dotty Strutley,New Zealand,99% Dark & Pure,09/05/2022,"$10,724.00",203.0
Kelci Walkden,India,70% Dark Bites,06/06/2022,"$3,640.00",106.0
Kelci Walkden,India,Drinking Coco,04/07/2022,"$7,532.00",234.0
Brien Boise,New Zealand,Drinking Coco,06/06/2022,"$1,582.00",100.0
Dotty Strutley,Australia,Almond Choco,13/05/2022,"$1,456.00",91.0
Wilone O'Kielt,New Zealand,Organic Choco Syrup,31/01/2022,"$2,016.00",277.0
Ches Bonnell,New Zealand,Caramel Stuffed Bars,30/06/2022,"$7,588.00",42.0
Barr Faughny,Canada,Manuka Honey Choco,25/08/2022,"$3,402.00",249.0
Gigi Bohling,New Zealand,Smooth Sliky Salty,10/01/2022,$700.00,97.0
Brien Boise,USA,Manuka Honey Choco,22/08/2022,"$1,904.00",8.0
Roddy Speechley,New Zealand,85% Dark Bars,14/04/2022,"$4,844.00",275.0
Oby Sorrel,UK,Smooth Sliky Salty,31/05/2022,"$9,625.00",313.0
Oby Sorrel,UK,Raspberry Choco,08/04/2022,"$4,599.00",323.0
Roddy Speechley,USA,Drinking Coco,21/02/2022,"$3,003.00",155.0
Andria Kimpton,Australia,Manuka Honey Choco,30/03/2022,"$9,744.00",377.0
Mallorie Waber,India,Raspberry Choco,02/03/2022,"$1,400.00",2.0
Jehu Rudeforth,USA,Orange Choco,28/07/2022,$364.00,170.0
Kaine Padly,New Zealand,70% Dark Bites,24/03/2022,"$7,231.00",38.0
Curtice Advani,Australia,After Nines,11/08/2022,$63.00,105.0
Husein Augar,UK,Almond Choco,17/05/2022,"$8,309.00",166.0
Kaine Padly,Canada,Choco Coated Almonds,18/05/2022,"$3,164.00",164.0
Roddy Speechley,UK,Peanut Butter Cubes,17/08/2022,"$5,691.00",171.0
Ches Bonnell,New Zealand,Eclairs,04/04/2022,$490.00,49.0
Brien Boise,India,85% Dark Bars,09/08/2022,"$18,032.00",205.0
Brien Boise,New Zealand,Organic Choco Syrup,17/01/2022,$637.00,313.0
Andria Kimpton,Canada,White Choc,14/02/2022,"$4,067.00",29.0
Gigi Bohling,New Zealand,Orange Choco,16/05/2022,"$8,204.00",307.0
Ches Bonnell,Canada,Smooth Sliky Salty,16/03/2022,"$9,870.00",121.0
Husein Augar,Canada,70% Dark Bites,31/01/2022,"$5,131.00",285.0
Barr Faughny,Canada,Organic Choco Syrup,10/03/2022,"$1,141.00",205.0
Oby Sorrel,UK,Organic Choco Syrup,30/06/2022,"$7,980.00",157.0
Van Tuxwell,New Zealand,Eclairs,01/03/2022,"$5,229.00",182.0
Mallorie Waber,UK,Drinking Coco,27/05/2022,"$3,423.00",100.0
Oby Sorrel,UK,Milk Bars,11/07/2022,"$6,468.00",223.0
Karlen McCaffrey,New Zealand,Mint Chip Choco,02/03/2022,"$4,326.00",61.0
Jehu Rudeforth,USA,Raspberry Choco,04/03/2022,"$7,154.00",133.0
Kelci Walkden,UK,85% Dark Bars,23/06/2022,"$3,997.00",228.0
Kelci Walkden,USA,Almond Choco,27/01/2022,"$5,180.00",233.0
Marney O'Breen,Canada,Orange Choco,14/01/2022,"$2,723.00",425.0
Dennison Crosswaite,India,Fruit & Nut Bars,29/07/2022,$952.00,24.0
Brien Boise,Canada,Smooth Sliky Salty,13/05/2022,"$5,691.00",473.5
Barr Faughny,Canada,Baker's Choco Chips,03/02/2022,"$10,969.00",170.0
Brien Boise,India,Smooth Sliky Salty,27/05/2022,"$5,964.00",26.0
Jan Morforth,Australia,Drinking Coco,18/02/2022,"$2,821.00",24.0
Brien Boise,India,Spicy Special Slims,28/01/2022,"$1,302.00",33.0
Van Tuxwell,UK,Eclairs,29/06/2022,"$5,474.00",109.0
Wilone O'Kielt,India,Caramel Stuffed Bars,13/01/2022,"$4,179.00",276.0
Jehu Rudeforth,UK,After Nines,27/06/2022,"$1,946.00",164.0
Barr Faughny,Canada,White Choc,29/03/2022,"$4,291.00",1.0
Gunar Cockshoot,India,Organic Choco Syrup,03/06/2022,"$7,196.00",160.0
Mallorie Waber,Canada,Smooth Sliky Salty,21/03/2022,"$1,939.00",98.0
Mallorie Waber,India,Eclairs,12/04/2022,"$10,437.00",46.0
Rafaelita Blaksland,Australia,Raspberry Choco,19/01/2022,"$6,916.00",259.0
Karlen McCaffrey,UK,50% Dark Bites,06/04/2022,"$3,647.00",310.0
Kaine Padly,Australia,50% Dark Bites,02/08/2022,"$8,995.00",78.0
Gigi Bohling,Australia,Eclairs,12/04/2022,"$7,252.00",136.0
Oby Sorrel,India,Drinking Coco,21/07/2022,"$16,380.00",130.0
Van Tuxwell,New Zealand,Baker's Choco Chips,22/03/2022,"$9,660.00",24.0
Husein Augar,India,Peanut Butter Cubes,09/05/2022,"$4,522.00",5.0
Andria Kimpton,Australia,Baker's Choco Chips,09/08/2022,$329.00,109.0
Madelene Upcott,Canada,Choco Coated Almonds,20/07/2022,"$3,458.00",294.0
Brien Boise,India,70% Dark Bites,14/04/2022,"$4,641.00",413.0
Jehu Rudeforth,Canada,White Choc,25/01/2022,"$4,627.00",136.0
Andria Kimpton,Australia,Almond Choco,25/04/2022,"$3,192.00",175.0
Dotty Strutley,Canada,After Nines,17/01/2022,$252.00,237.0
Karlen McCaffrey,USA,Eclairs,15/08/2022,$868.00,125.0
Karlen McCaffrey,Canada,Fruit & Nut Bars,02/06/2022,$210.00,16.0
Gunar Cockshoot,USA,85% Dark Bars,30/06/2022,"$7,007.00",135.0
Dotty Strutley,New Zealand,Raspberry Choco,10/02/2022,"$5,845.00",91.0
Marney O'Breen,Canada,Caramel Stuffed Bars,23/02/2022,"$1,372.00",473.5
Dennison Crosswaite,India,Organic Choco Syrup,27/01/2022,"$8,428.00",216.0
Camilla Castle,UK,Mint Chip Choco,26/05/2022,"$4,977.00",317.0
Brien Boise,USA,70% Dark Bites,14/04/2022,"$1,694.00",21.0
Madelene Upcott,Australia,99% Dark & Pure,01/08/2022,"$4,326.00",154.0
Mallorie Waber,Australia,Eclairs,22/08/2022,"$9,527.00",222.0
Marney O'Breen,India,99% Dark & Pure,22/07/2022,"$10,766.00",157.0
Husein Augar,USA,Fruit & Nut Bars,28/04/2022,"$1,288.00",27.0
Kelci Walkden,Australia,Almond Choco,30/05/2022,"$4,879.00",350.0
Ches Bonnell,USA,Milk Bars,21/07/2022,"$2,408.00",157.0
Jan Morforth,UK,Caramel Stuffed Bars,02/08/2022,"$3,094.00",468.0
Brien Boise,New Zealand,70% Dark Bites,15/06/2022,"$7,231.00",130.0
Oby Sorrel,India,85% Dark Bars,05/07/2022,"$8,981.00",130.0
Kaine Padly,New Zealand,Smooth Sliky Salty,12/04/2022,$7.00,473.5
Gigi Bohling,Australia,70% Dark Bites,18/08/2022,"$1,372.00",105.0
Jan Morforth,UK,50% Dark Bites,12/01/2022,"$5,250.00",293.0
Gunar Cockshoot,Canada,White Choc,11/08/2022,"$7,560.00",15.0
Jehu Rudeforth,Australia,Spicy Special Slims,13/01/2022,"$5,012.00",384.0
Husein Augar,UK,Baker's Choco Chips,29/04/2022,"$3,038.00",135.0
Rafaelita Blaksland,New Zealand,After Nines,07/07/2022,"$1,099.00",92.0
Madelene Upcott,New Zealand,Mint Chip Choco,11/03/2022,"$7,413.00",4.0
Madelene Upcott,UK,70% Dark Bites,16/02/2022,"$5,397.00",239.0
Barr Faughny,Australia,Organic Choco Syrup,07/01/2022,"$2,303.00",33.0
Beverie Moffet,New Zealand,Drinking Coco,12/01/2022,"$1,141.00",473.5
Beverie Moffet,India,Eclairs,09/06/2022,"$10,325.00",147.0
Andria Kimpton,India,Eclairs,16/05/2022,"$2,149.00",84.0
Gigi Bohling,UK,85% Dark Bars,23/06/2022,"$12,362.00",94.0
Roddy Speechley,UK,Raspberry Choco,28/01/2022,"$12,635.00",194.0
Dotty Strutley,UK,Mint Chip Choco,14/07/2022,"$2,443.00",216.0
Barr Faughny,Canada,Drinking Coco,18/04/2022,"$6,237.00",247.0
Oby Sorrel,USA,Milk Bars,14/06/2022,"$1,736.00",79.0
Oby Sorrel,UK,Orange Choco,15/04/2022,"$7,315.00",237.0
Curtice Advani,Canada,Peanut Butter Cubes,19/05/2022,"$4,935.00",63.0
Gigi Bohling,India,White Choc,13/04/2022,"$1,393.00",172.0
Husein Augar,Canada,Choco Coated Almonds,15/08/2022,"$3,381.00",408.0
Wilone O'Kielt,India,Choco Coated Almonds,22/08/2022,"$2,933.00",233.0
Wilone O'Kielt,New Zealand,Baker's Choco Chips,22/04/2022,"$3,836.00",59.0
Kaine Padly,UK,Choco Coated Almonds,03/08/2022,"$8,022.00",123.0
Dennison Crosswaite,New Zealand,Organic Choco Syrup,04/01/2022,$371.00,229.0
Kelci Walkden,Canada,After Nines,13/01/2022,"$16,702.00",198.0
Van Tuxwell,Australia,Baker's Choco Chips,11/05/2022,"$13,258.00",32.0
Husein Augar,New Zealand,Peanut Butter Cubes,16/02/2022,"$2,058.00",236.0
Kaine Padly,UK,Caramel Stuffed Bars,20/05/2022,"$10,192.00",67.0
Jehu Rudeforth,UK,Drinking Coco,03/02/2022,"$7,140.00",438.0
Beverie Moffet,India,Manuka Honey Choco,06/05/2022,"$9,835.00",167.0
Gunar Cockshoot,UK,Choco Coated Almonds,30/06/2022,"$5,775.00",135.0
Gunar Cockshoot,UK,Smooth Sliky Salty,22/03/2022,$749.00,148.0
Camilla Castle,Canada,Orange Choco,17/02/2022,"$7,770.00",54.0
Jehu Rudeforth,UK,85% Dark Bars,07/07/2022,"$5,502.00",64.0
Oby Sorrel,UK,70% Dark Bites,16/03/2022,"$6,223.00",181.0
Kelci Walkden,UK,99% Dark & Pure,12/08/2022,"$3,507.00",114.0
Gigi Bohling,New Zealand,After Nines,21/01/2022,"$5,600.00",181.0
Oby Sorrel,Australia,50% Dark Bites,06/05/2022,$721.00,151.0
Oby Sorrel,Canada,50% Dark Bites,24/06/2022,"$6,615.00",137.0
Barr Faughny,USA,White Choc,05/05/2022,"$7,420.00",163.0
Rafaelita Blaksland,New Zealand,99% Dark & Pure,25/03/2022,"$3,164.00",84.0
Curtice Advani,Australia,Caramel Stuffed Bars,14/02/2022,"$9,114.00",140.0
Curtice Advani,New Zealand,85% Dark Bars,12/05/2022,"$5,404.00",187.0
Barr Faughny,New Zealand,Smooth Sliky Salty,25/01/2022,"$3,990.00",169.0
Ches Bonnell,UK,85% Dark Bars,28/06/2022,"$14,924.00",12.0
Dennison Crosswaite,Australia,Drinking Coco,13/07/2022,"$7,091.00",194.0
Roddy Speechley,USA,Milk Bars,16/05/2022,"$2,807.00",252.0
Jan Morforth,India,After Nines,14/03/2022,"$6,496.00",168.0
Gunar Cockshoot,USA,After Nines,15/08/2022,"$3,738.00",261.0
Ches Bonnell,India,Orange Choco,16/02/2022,"$1,190.00",256.0
Mallorie Waber,UK,Manuka Honey Choco,15/06/2022,"$8,379.00",43.0
Barr Faughny,Australia,Raspberry Choco,27/05/2022,"$9,268.00",100.0
Wilone O'Kielt,USA,Drinking Coco,14/06/2022,"$1,029.00",98.0
Wilone O'Kielt,India,Eclairs,25/02/2022,"$3,549.00",76.0
Wilone O'Kielt,India,After Nines,04/08/2022,"$12,026.00",262.0
Kelci Walkden,India,99% Dark & Pure,28/06/2022,"$2,303.00",244.0
Gunar Cockshoot,Canada,Spicy Special Slims,05/04/2022,"$13,405.00",12.0
Madelene Upcott,Canada,Peanut Butter Cubes,05/07/2022,"$14,763.00",113.0
Kaine Padly,New Zealand,Eclairs,20/01/2022,"$12,894.00",48.0
Ches Bonnell,New Zealand,Drinking Coco,16/02/2022,"$8,302.00",131.0
Curtice Advani,UK,Drinking Coco,12/07/2022,$455.00,174.0
Kelci Walkden,India,Raspberry Choco,16/06/2022,"$8,183.00",254.0
Dotty Strutley,Australia,Choco Coated Almonds,13/04/2022,"$1,645.00",284.0
Kaine Padly,UK,50% Dark Bites,21/02/2022,"$3,143.00",67.0
Roddy Speechley,Canada,Choco Coated Almonds,11/05/2022,"$5,873.00",249.0
Ches Bonnell,India,50% Dark Bites,15/04/2022,"$11,298.00",313.0
Oby Sorrel,Canada,Peanut Butter Cubes,07/06/2022,"$12,425.00",167.0
Oby Sorrel,UK,White Choc,27/06/2022,"$1,715.00",286.0
Barr Faughny,India,After Nines,29/07/2022,"$8,190.00",109.0
Wilone O'Kielt,Canada,Smooth Sliky Salty,02/06/2022,"$4,991.00",166.0
Rafaelita Blaksland,India,Mint Chip Choco,26/01/2022,"$15,491.00",85.0
Rafaelita Blaksland,Canada,99% Dark & Pure,02/03/2022,"$5,096.00",142.0
Van Tuxwell,Australia,70% Dark Bites,10/01/2022,"$7,063.00",104.0
Beverie Moffet,USA,70% Dark Bites,27/06/2022,"$2,275.00",115.0
Barr Faughny,Canada,Orange Choco,30/06/2022,"$7,602.00",18.0
Roddy Speechley,Australia,85% Dark Bars,08/07/2022,"$4,200.00",80.0
Oby Sorrel,India,Spicy Special Slims,08/06/2022,"$11,137.00",88.0
Jan Morforth,UK,Manuka Honey Choco,18/08/2022,"$3,388.00",212.0
Kaine Padly,Australia,After Nines,08/04/2022,"$6,832.00",306.0
Wilone O'Kielt,Canada,Fruit & Nut Bars,08/08/2022,"$3,437.00",181.0
Wilone O'Kielt,UK,Milk Bars,26/08/2022,$301.00,65.0
Oby Sorrel,Canada,Fruit & Nut Bars,14/01/2022,"$1,869.00",158.0
Dennison Crosswaite,USA,Baker's Choco Chips,11/08/2022,"$17,465.00",271.0
Madelene Upcott,USA,Almond Choco,31/05/2022,"$10,143.00",24.0
Van Tuxwell,New Zealand,50% Dark Bites,11/07/2022,"$3,626.00",10.0
Karlen McCaffrey,Canada,Caramel Stuffed Bars,02/03/2022,"$3,346.00",304.0
Madelene Upcott,Australia,Raspberry Choco,13/07/2022,"$6,321.00",88.0
Rafaelita Blaksland,UK,Spicy Special Slims,03/08/2022,"$9,345.00",133.0
Curtice Advani,UK,Peanut Butter Cubes,01/03/2022,"$15,008.00",165.0
Kelci Walkden,New Zealand,White Choc,13/04/2022,"$7,609.00",150.0
Beverie Moffet,Canada,Fruit & Nut Bars,14/02/2022,"$10,332.00",180.0
Mallorie Waber,India,White Choc,26/07/2022,$819.00,213.0
Brien Boise,UK,Drinking Coco,27/01/2022,"$5,754.00",133.0
Jehu Rudeforth,India,Peanut Butter Cubes,14/04/2022,$28.00,446.0
Oby Sorrel,USA,Almond Choco,19/05/2022,"$6,440.00",141.0
Husein Augar,India,Eclairs,09/02/2022,"$4,956.00",58.0
Brien Boise,UK,Spicy Special Slims,25/05/2022,"$2,352.00",58.0
Oby Sorrel,Australia,Manuka Honey Choco,26/01/2022,"$3,906.00",76.0
Beverie Moffet,India,White Choc,04/07/2022,"$1,813.00",296.0
Ches Bonnell,India,Almond Choco,13/04/2022,"$11,788.00",73.0
Gigi Bohling,Australia,Smooth Sliky Salty,25/01/2022,"$5,768.00",119.0
Camilla Castle,USA,85% Dark Bars,25/04/2022,"$2,401.00",78.0
Camilla Castle,USA,Eclairs,10/06/2022,"$4,515.00",392.0
Madelene Upcott,New Zealand,White Choc,22/08/2022,"$10,794.00",51.0
Van Tuxwell,India,After Nines,27/06/2022,"$13,706.00",207.0
Husein Augar,India,Orange Choco,30/06/2022,"$4,361.00",40.0
Jehu Rudeforth,India,Almond Choco,30/08/2022,"$10,122.00",100.0
Karlen McCaffrey,Australia,Raspberry Choco,23/08/2022,$994.00,57.0
Camilla Castle,New Zealand,99% Dark & Pure,26/08/2022,"$2,268.00",42.0
Gigi Bohling,Australia,Orange Choco,09/03/2022,$574.00,156.0
Kelci Walkden,UK,Drinking Coco,20/04/2022,"$1,792.00",23.0
Mallorie Waber,Canada,Caramel Stuffed Bars,10/06/2022,"$4,844.00",473.5
Husein Augar,Australia,Organic Choco Syrup,08/02/2022,$938.00,158.0
Brien Boise,Australia,White Choc,25/08/2022,"$4,879.00",22.0
Dotty Strutley,India,Peanut Butter Cubes,16/02/2022,"$9,107.00",73.0
Dennison Crosswaite,UK,99% Dark & Pure,30/05/2022,"$12,187.00",27.0
Gigi Bohling,New Zealand,50% Dark Bites,29/06/2022,"$5,670.00",64.0
Gigi Bohling,USA,Milk Bars,16/06/2022,$476.00,133.0
Brien Boise,UK,Caramel Stuffed Bars,04/03/2022,"$2,681.00",149.0
Curtice Advani,New Zealand,Peanut Butter Cubes,15/03/2022,"$1,533.00",434.0
Curtice Advani,New Zealand,50% Dark Bites,27/01/2022,"$9,765.00",85.0
Beverie Moffet,Canada,Drinking Coco,05/07/2022,$994.00,118.0
Barr Faughny,USA,Caramel Stuffed Bars,29/03/2022,"$3,318.00",299.0
Mallorie Waber,Canada,Almond Choco,12/05/2022,"$4,214.00",35.0
Oby Sorrel,USA,Drinking Coco,11/03/2022,"$7,714.00",44.0
Brien Boise,New Zealand,Eclairs,11/07/2022,"$4,690.00",299.0
Gunar Cockshoot,New Zealand,Choco Coated Almonds,01/08/2022,"$13,062.00",62.0
Gunar Cockshoot,UK,Spicy Special Slims,16/02/2022,"$12,488.00",200.0
Curtice Advani,USA,After Nines,13/04/2022,"$14,147.00",235.0
Oby Sorrel,India,Choco Coated Almonds,14/02/2022,$49.00,363.0
Ches Bonnell,Australia,Peanut Butter Cubes,14/03/2022,"$10,199.00",68.0
Oby Sorrel,Australia,Spicy Special Slims,26/04/2022,"$11,389.00",26.0
Jehu Rudeforth,Canada,Manuka Honey Choco,05/04/2022,"$3,584.00",200.0
Camilla Castle,Canada,Drinking Coco,03/03/2022,"$12,481.00",264.0
Kaine Padly,USA,Spicy Special Slims,13/06/2022,"$2,107.00",175.0
Marney O'Breen,New Zealand,70% Dark Bites,14/02/2022,"$8,603.00",352.0
Roddy Speechley,New Zealand,99% Dark & Pure,18/04/2022,"$7,483.00",183.0
Oby Sorrel,New Zealand,85% Dark Bars,01/02/2022,"$3,381.00",417.0
Dotty Strutley,New Zealand,Orange Choco,04/08/2022,"$2,030.00",146.0
Andria Kimpton,New Zealand,Almond Choco,05/04/2022,"$6,559.00",158.0
Karlen McCaffrey,Australia,99% Dark & Pure,26/01/2022,"$10,822.00",168.0
Kaine Padly,UK,After Nines,21/01/2022,"$18,697.00",176.0
Kaine Padly,Canada,After Nines,22/08/2022,"$5,845.00",172.0
Kaine Padly,UK,Drinking Coco,27/01/2022,"$2,317.00",224.0
Rafaelita Blaksland,UK,50% Dark Bites,16/02/2022,"$10,150.00",68.0
Dotty Strutley,USA,Raspberry Choco,03/01/2022,"$3,437.00",46.0
Karlen McCaffrey,USA,White Choc,24/08/2022,"$4,592.00",2.0
Oby Sorrel,USA,Spicy Special Slims,07/02/2022,"$5,691.00",417.0
Mallorie Waber,Australia,Smooth Sliky Salty,11/02/2022,"$4,158.00",109.0
Kaine Padly,Canada,Organic Choco Syrup,29/03/2022,"$5,684.00",81.0
Marney O'Breen,USA,Peanut Butter Cubes,15/06/2022,$693.00,350.0
Dennison Crosswaite,UK,Smooth Sliky Salty,26/04/2022,$546.00,142.0
Brien Boise,Australia,Organic Choco Syrup,15/07/2022,"$4,263.00",264.0
Beverie Moffet,India,Organic Choco Syrup,23/06/2022,"$1,036.00",20.0
Dennison Crosswaite,Australia,Baker's Choco Chips,11/01/2022,"$13,846.00",421.0
Beverie Moffet,UK,50% Dark Bites,09/02/2022,"$2,499.00",271.0
Van Tuxwell,UK,Almond Choco,06/06/2022,"$10,689.00",204.0
Dotty Strutley,UK,Caramel Stuffed Bars,10/08/2022,"$5,768.00",235.0
Wilone O'Kielt,Australia,Smooth Sliky Salty,04/01/2022,"$2,226.00",46.0
Andria Kimpton,Canada,70% Dark Bites,08/04/2022,"$10,262.00",15.0
Barr Faughny,UK,Milk Bars,02/03/2022,"$3,864.00",430.0
Van Tuxwell,Canada,Drinking Coco,15/06/2022,"$4,900.00",473.5
Jehu Rudeforth,Australia,After Nines,14/02/2022,"$5,250.00",47.0
Husein Augar,UK,After Nines,05/07/2022,"$3,507.00",380.0
Barr Faughny,India,Mint Chip Choco,12/01/2022,"$7,413.00",465.0
Curtice Advani,India,Mint Chip Choco,03/03/2022,"$8,155.00",96.0
Jehu Rudeforth,New Zealand,Milk Bars,18/05/2022,"$2,478.00",188.0
Gunar Cockshoot,India,Caramel Stuffed Bars,28/07/2022,"$2,471.00",202.0
Curtice Advani,UK,Manuka Honey Choco,07/02/2022,"$1,666.00",106.0
Andria Kimpton,India,Orange Choco,30/05/2022,$301.00,421.0
Mallorie Waber,Australia,Raspberry Choco,25/04/2022,"$8,400.00",27.0
Beverie Moffet,Canada,85% Dark Bars,16/02/2022,"$6,139.00",45.0
Kelci Walkden,Australia,Drinking Coco,04/05/2022,"$1,288.00",60.0
Van Tuxwell,Canada,70% Dark Bites,02/06/2022,"$7,077.00",77.0
Dennison Crosswaite,USA,Caramel Stuffed Bars,11/07/2022,"$2,317.00",464.0
Beverie Moffet,New Zealand,Spicy Special Slims,07/06/2022,$63.00,60.0
Jan Morforth,UK,Almond Choco,06/07/2022,"$9,744.00",157.0
Husein Augar,India,Raspberry Choco,15/06/2022,"$9,954.00",154.0
Dotty Strutley,India,Mint Chip Choco,14/04/2022,"$1,260.00",239.0
Camilla Castle,India,Drinking Coco,08/08/2022,$469.00,163.0
Marney O'Breen,UK,Drinking Coco,29/03/2022,$973.00,28.0
Roddy Speechley,Australia,Organic Choco Syrup,04/07/2022,"$3,647.00",76.0
Ches Bonnell,India,99% Dark & Pure,16/02/2022,$455.00,96.0
Rafaelita Blaksland,Canada,Spicy Special Slims,02/05/2022,"$2,520.00",156.0
Van Tuxwell,India,Eclairs,21/07/2022,"$10,500.00",106.0
Gunar Cockshoot,Australia,99% Dark & Pure,18/08/2022,"$7,952.00",235.0
Kaine Padly,USA,85% Dark Bars,22/06/2022,$483.00,259.0
Camilla Castle,UK,Peanut Butter Cubes,19/07/2022,"$4,872.00",126.0
Madelene Upcott,UK,Peanut Butter Cubes,12/08/2022,"$7,756.00",85.0
Madelene Upcott,USA,Choco Coated Almonds,07/06/2022,"$5,446.00",132.0
Marney O'Breen,Canada,Peanut Butter Cubes,08/03/2022,"$6,594.00",91.0
Ches Bonnell,Australia,Choco Coated Almonds,08/04/2022,"$1,470.00",167.0
Curtice Advani,Canada,Eclairs,06/05/2022,$721.00,203.0
Roddy Speechley,India,Drinking Coco,31/05/2022,"$4,494.00",11.0
Van Tuxwell,Australia,Mint Chip Choco,13/01/2022,"$2,674.00",295.0
Dennison Crosswaite,USA,70% Dark Bites,15/03/2022,$658.00,77.0
Andria Kimpton,Canada,Peanut Butter Cubes,16/02/2022,"$1,127.00",319.0
Gigi Bohling,USA,70% Dark Bites,14/01/2022,"$7,364.00",196.0
Rafaelita Blaksland,Australia,White Choc,21/03/2022,"$6,818.00",102.0
Roddy Speechley,Canada,Drinking Coco,17/05/2022,"$6,776.00",312.0
Camilla Castle,New Zealand,85% Dark Bars,08/08/2022,"$15,099.00",55.0
Madelene Upcott,Canada,Milk Bars,26/04/2022,"$3,612.00",82.0
Madelene Upcott,Australia,70% Dark Bites,15/04/2022,"$3,710.00",260.0
Oby Sorrel,Canada,Eclairs,19/05/2022,"$6,111.00",473.5
Dennison Crosswaite,Canada,Drinking Coco,10/01/2022,"$2,702.00",24.0
Mallorie Waber,New Zealand,After Nines,04/05/2022,$483.00,228.0
Roddy Speechley,Canada,White Choc,05/04/2022,"$5,887.00",268.0
Andria Kimpton,India,After Nines,17/01/2022,$952.00,68.0
Roddy Speechley,India,Spicy Special Slims,22/03/2022,"$10,647.00",173.0
Dotty Strutley,Australia,White Choc,05/07/2022,"$6,055.00",93.0
Oby Sorrel,Canada,Orange Choco,27/04/2022,"$8,757.00",338.0
Kaine Padly,Canada,Almond Choco,12/08/2022,"$6,055.00",73.0
Jan Morforth,UK,Baker's Choco Chips,11/03/2022,$721.00,251.0
Jehu Rudeforth,UK,Fruit & Nut Bars,13/05/2022,"$8,589.00",229.0
Dennison Crosswaite,USA,Smooth Sliky Salty,12/05/2022,"$11,781.00",91.0
Brien Boise,USA,Raspberry Choco,12/01/2022,$672.00,194.0
Madelene Upcott,New Zealand,Milk Bars,29/03/2022,"$12,558.00",403.0
Roddy Speechley,India,50% Dark Bites,14/03/2022,"$8,337.00",12.0
Barr Faughny,New Zealand,99% Dark & Pure,24/05/2022,"$8,134.00",195.0
Dennison Crosswaite,Canada,Organic Choco Syrup,28/01/2022,"$8,491.00",75.0
Beverie Moffet,India,Almond Choco,24/05/2022,"$3,066.00",96.0
Brien Boise,Australia,Peanut Butter Cubes,19/08/2022,$301.00,205.0
Karlen McCaffrey,Australia,Spicy Special Slims,17/05/2022,"$4,410.00",323.0
Jehu Rudeforth,USA,White Choc,07/06/2022,"$6,559.00",119.0
Ches Bonnell,Canada,Organic Choco Syrup,26/07/2022,$574.00,217.0
Dotty Strutley,India,Eclairs,28/07/2022,"$2,086.00",384.0
Karlen McCaffrey,India,70% Dark Bites,23/05/2022,"$5,075.00",344.0
Jehu Rudeforth,UK,Mint Chip Choco,04/01/2023,"$5,902.13",178.0
Van Tuxwell,India,85% Dark Bars,01/08/2023,"$8,074.39",100.0
Gigi Bohling,India,Peanut Butter Cubes,07/07/2023,"$4,666.18",100.0
Jan Morforth,Australia,Peanut Butter Cubes,27/04/2023,"$14,103.40",350.0
Jehu Rudeforth,UK,Peanut Butter Cubes,24/02/2023,"$14,167.84",178.0
Van Tuxwell,India,Smooth Sliky Salty,06/06/2023,"$5,768.75",37.0
Oby Sorrel,UK,99% Dark & Pure,25/01/2023,"$14,673.20",175.0
Gunar Cockshoot,Australia,After Nines,24/03/2023,"$3,249.23",78.0
Jehu Rudeforth,New Zealand,50% Dark Bites,20/04/2023,"$4,526.24",64.0
Brien Boise,Australia,99% Dark & Pure,04/07/2023,"$3,166.56",98.0
Rafaelita Blaksland,UK,Smooth Sliky Salty,13/01/2023,"$4,866.39",65.0
Barr Faughny,USA,Orange Choco,10/03/2023,"$4,254.37",12.0
Mallorie Waber,Canada,Eclairs,13/01/2023,"$1,652.61",277.0
Karlen McCaffrey,New Zealand,Drinking Coco,28/07/2023,$171.49,163.0
Marney O'Breen,New Zealand,Peanut Butter Cubes,03/08/2023,"$8,549.84",169.0
Beverie Moffet,Australia,Organic Choco Syrup,26/01/2023,"$7,807.74",355.0
Van Tuxwell,Canada,Organic Choco Syrup,14/02/2023,"$4,561.43",44.0
Roddy Speechley,USA,Smooth Sliky Salty,05/04/2023,"$3,041.12",148.0
Beverie Moffet,Canada,Milk Bars,16/02/2023,"$9,786.09",248.0
Curtice Advani,UK,85% Dark Bars,08/06/2023,"$1,131.25",175.0
Brien Boise,Australia,Eclairs,27/06/2023,"$7,484.07",94.0
Gunar Cockshoot,USA,Spicy Special Slims,17/02/2023,"$1,339.61",166.0
Marney O'Breen,USA,After Nines,30/05/2023,"$5,481.18",159.0
Husein Augar,UK,Drinking Coco,14/03/2023,"$3,275.40",120.0
Kaine Padly,Australia,Eclairs,28/02/2023,"$7,677.78",118.0
Karlen McCaffrey,India,Fruit & Nut Bars,26/01/2023,$189.37,315.0
Roddy Speechley,Canada,Spicy Special Slims,09/02/2023,"$1,658.79",193.0
Husein Augar,USA,Eclairs,07/07/2023,"$4,168.93",122.0
Dennison Crosswaite,New Zealand,White Choc,05/07/2023,"$10,604.89",165.0
Dennison Crosswaite,New Zealand,Manuka Honey Choco,15/06/2023,"$5,773.51",325.0
Van Tuxwell,New Zealand,85% Dark Bars,24/05/2023,"$1,838.78",121.0
Rafaelita Blaksland,UK,99% Dark & Pure,29/06/2023,"$12,643.10",150.0
Wilone O'Kielt,Australia,Manuka Honey Choco,11/05/2023,"$4,439.52",95.0
Karlen McCaffrey,UK,Almond Choco,30/06/2023,"$7,698.60",126.0
Andria Kimpton,Canada,After Nines,11/05/2023,"$2,222.30",77.0
Roddy Speechley,USA,Manuka Honey Choco,22/07/2023,"$10,959.02",302.0
Andria Kimpton,UK,50% Dark Bites,24/08/2023,"$2,854.85",337.0
Kelci Walkden,New Zealand,After Nines,07/07/2023,$147.82,74.0
Camilla Castle,Australia,85% Dark Bars,19/05/2023,"$3,790.51",14.0
Karlen McCaffrey,India,Manuka Honey Choco,04/07/2023,"$2,487.19",473.5
Kelci Walkden,USA,After Nines,02/06/2023,"$1,021.27",17.0
Karlen McCaffrey,USA,Raspberry Choco,15/04/2023,"$15,370.06",353.0
Mallorie Waber,Canada,Choco Coated Almonds,11/07/2023,"$5,345.58",250.0
Andria Kimpton,India,Spicy Special Slims,23/02/2023,"$6,559.44",154.0
Madelene Upcott,Canada,Almond Choco,22/08/2023,"$8,282.93",107.0
Kaine Padly,USA,Peanut Butter Cubes,16/02/2023,"$6,981.40",189.0
Van Tuxwell,USA,50% Dark Bites,13/01/2023,"$10,280.17",155.0
Curtice Advani,Australia,Milk Bars,14/02/2023,"$7,703.62",20.0
Roddy Speechley,India,Eclairs,10/06/2023,"$4,489.81",310.0
Curtice Advani,India,Fruit & Nut Bars,07/07/2023,"$5,806.11",190.0
Curtice Advani,Canada,Almond Choco,24/03/2023,"$5,148.70",76.0
Brien Boise,Australia,Fruit & Nut Bars,06/06/2023,"$8,558.59",24.0
Dotty Strutley,Australia,Drinking Coco,19/07/2023,$94.19,145.0
Beverie Moffet,USA,Raspberry Choco,19/04/2023,"$16,223.83",87.0
Marney O'Breen,India,85% Dark Bars,19/07/2023,"$2,439.06",175.0
Jehu Rudeforth,Canada,Drinking Coco,15/07/2023,$466.65,23.0
Ches Bonnell,New Zealand,Spicy Special Slims,14/02/2023,"$4,044.24",18.0
Brien Boise,Canada,99% Dark & Pure,18/05/2023,"$17,675.28",446.0
Barr Faughny,Australia,Fruit & Nut Bars,30/06/2023,"$17,280.98",58.0
Andria Kimpton,Australia,50% Dark Bites,02/06/2023,"$5,091.78",219.0
Andria Kimpton,Australia,Drinking Coco,28/06/2023,"$1,657.20",49.0
Marney O'Breen,Australia,Organic Choco Syrup,16/05/2023,$305.79,189.0
Kelci Walkden,Canada,Baker's Choco Chips,26/05/2023,"$3,377.41",325.0
Karlen McCaffrey,India,Almond Choco,06/07/2023,"$6,188.62",157.0
Oby Sorrel,India,99% Dark & Pure,27/05/2023,"$10,914.36",11.0
Wilone O'Kielt,Australia,Caramel Stuffed Bars,14/04/2023,"$2,342.07",12.0
Van Tuxwell,Australia,Organic Choco Syrup,10/08/2023,"$21,762.80",15.0
Camilla Castle,India,50% Dark Bites,04/07/2023,"$10,539.54",398.0
Oby Sorrel,India,Organic Choco Syrup,08/07/2023,"$6,665.87",60.0
Jan Morforth,USA,Peanut Butter Cubes,22/07/2023,"$9,605.11",98.0
Gigi Bohling,USA,Choco Coated Almonds,02/03/2023,"$13,018.00",103.0
Gigi Bohling,UK,Almond Choco,10/01/2023,"$6,046.40",10.0
Jehu Rudeforth,New Zealand,White Choc,11/03/2023,"$3,078.33",231.0
Andria Kimpton,New Zealand,Peanut Butter Cubes,20/06/2023,$970.96,291.0
Van Tuxwell,UK,Organic Choco Syrup,26/08/2023,"$2,064.71",208.0
Roddy Speechley,Canada,Milk Bars,13/07/2023,$679.94,34.0
Camilla Castle,USA,Spicy Special Slims,11/02/2023,"$1,311.25",251.0
Marney O'Breen,USA,Orange Choco,27/01/2023,"$8,692.64",184.0
Van Tuxwell,UK,99% Dark & Pure,31/01/2023,"$4,993.21",145.0
Camilla Castle,USA,White Choc,18/08/2023,"$10,898.19",24.0
Andria Kimpton,USA,Raspberry Choco,30/06/2023,"$15,565.91",21.0
Dotty Strutley,Australia,Fruit & Nut Bars,23/08/2023,$280.59,328.0
Brien Boise,New Zealand,Mint Chip Choco,01/08/2023,$66.35,197.0
Roddy Speechley,New Zealand,After Nines,25/05/2023,"$8,766.45",10.0
Roddy Speechley,Canada,Organic Choco Syrup,10/01/2023,"$4,265.48",85.0
Dennison Crosswaite,Australia,70% Dark Bites,07/02/2023,"$6,087.53",113.0
Karlen McCaffrey,USA,Orange Choco,12/05/2023,"$11,694.48",425.0
Madelene Upcott,Australia,Spicy Special Slims,07/03/2023,"$7,616.38",392.0
Dennison Crosswaite,Australia,85% Dark Bars,05/04/2023,"$7,807.02",419.0
Andria Kimpton,Canada,Caramel Stuffed Bars,03/01/2023,"$7,990.91",343.0
Dennison Crosswaite,UK,Eclairs,24/03/2023,"$6,757.17",276.0
Madelene Upcott,India,Raspberry Choco,07/07/2023,"$4,409.21",10.0
Van Tuxwell,USA,After Nines,26/07/2023,$722.25,255.0
Wilone O'Kielt,Australia,Organic Choco Syrup,07/07/2023,"$1,896.24",115.0
Karlen McCaffrey,Canada,50% Dark Bites,15/07/2023,"$2,966.83",65.0
Roddy Speechley,New Zealand,Orange Choco,01/04/2023,$51.29,100.0
Beverie Moffet,Australia,Eclairs,20/06/2023,"$1,835.42",6.0
Kelci Walkden,UK,Fruit & Nut Bars,29/06/2023,"$14,592.11",473.5
Marney O'Breen,USA,50% Dark Bites,15/06/2023,"$1,114.13",106.0
Husein Augar,USA,After Nines,08/04/2023,"$13,051.75",193.0
Dennison Crosswaite,Australia,Raspberry Choco,14/03/2023,"$5,997.71",31.0
Andria Kimpton,USA,Fruit & Nut Bars,15/07/2023,"$1,588.28",352.0
Kelci Walkden,India,Eclairs,19/04/2023,"$5,344.21",80.0
Marney O'Breen,USA,99% Dark & Pure,28/03/2023,"$4,646.91",317.0
Brien Boise,Canada,Spicy Special Slims,04/03/2023,"$8,929.88",100.0
Karlen McCaffrey,New Zealand,70% Dark Bites,02/08/2023,$141.23,38.0
Husein Augar,UK,Spicy Special Slims,25/08/2023,"$5,068.99",45.0
Marney O'Breen,USA,Almond Choco,25/02/2023,"$8,012.72",163.0
Kelci Walkden,India,Orange Choco,07/06/2023,"$10,587.71",134.0
Jan Morforth,India,Spicy Special Slims,12/04/2023,"$2,155.62",473.5
Ches Bonnell,India,Spicy Special Slims,06/07/2023,"$11,010.43",103.0
Kelci Walkden,UK,Smooth Sliky Salty,19/01/2023,"$6,787.72",192.0
Madelene Upcott,Australia,Fruit & Nut Bars,05/01/2023,"$5,715.07",90.0
Madelene Upcott,Canada,70% Dark Bites,24/01/2023,"$12,100.65",142.0
Wilone O'Kielt,Australia,Drinking Coco,06/04/2023,$623.75,285.0
Gunar Cockshoot,Australia,Fruit & Nut Bars,15/06/2023,"$6,528.42",22.0
Gigi Bohling,Canada,Baker's Choco Chips,28/01/2023,"$1,540.55",47.0
Kelci Walkden,India,Caramel Stuffed Bars,16/03/2023,$487.06,123.0
Rafaelita Blaksland,Australia,Drinking Coco,21/02/2023,"$11,630.38",431.0
Kelci Walkden,USA,Manuka Honey Choco,16/02/2023,"$17,297.66",96.0
Jehu Rudeforth,Canada,Spicy Special Slims,13/01/2023,"$2,043.55",28.0
Kelci Walkden,Australia,Eclairs,23/03/2023,"$8,168.86",473.5
Curtice Advani,Canada,Spicy Special Slims,16/06/2023,$933.45,122.0
Oby Sorrel,India,Raspberry Choco,14/04/2023,"$6,826.32",44.0
Kelci Walkden,UK,Eclairs,25/01/2023,"$5,029.35",61.0
Jan Morforth,India,Almond Choco,11/03/2023,"$5,143.49",21.0
Dotty Strutley,UK,Almond Choco,28/07/2023,"$16,707.88",102.0
Marney O'Breen,New Zealand,After Nines,09/03/2023,"$1,558.87",46.0
Husein Augar,Australia,Orange Choco,28/06/2023,"$9,332.76",196.0
Marney O'Breen,Australia,Milk Bars,28/07/2023,"$2,673.47",375.0
Kelci Walkden,Canada,99% Dark & Pure,15/08/2023,"$4,950.21",54.0
Kaine Padly,Australia,Manuka Honey Choco,12/01/2023,"$2,919.11",271.0
Beverie Moffet,New Zealand,White Choc,24/03/2023,"$8,003.23",7.0
Van Tuxwell,UK,Milk Bars,25/07/2023,"$4,902.78",91.0
Oby Sorrel,Canada,99% Dark & Pure,01/08/2023,"$4,033.53",430.0
Van Tuxwell,India,Organic Choco Syrup,16/05/2023,"$22,751.18",182.0
Roddy Speechley,India,Smooth Sliky Salty,10/08/2023,"$5,118.11",137.0
Jan Morforth,India,Eclairs,05/01/2023,"$2,835.90",26.0
Ches Bonnell,UK,Smooth Sliky Salty,11/07/2023,"$5,828.22",121.0
Wilone O'Kielt,USA,After Nines,25/04/2023,$396.19,32.0
Gigi Bohling,New Zealand,Fruit & Nut Bars,04/04/2023,"$11,226.50",118.0
Barr Faughny,USA,Raspberry Choco,12/04/2023,"$10,102.86",107.0
Wilone O'Kielt,New Zealand,85% Dark Bars,02/08/2023,"$2,084.86",119.0
Gigi Bohling,New Zealand,Manuka Honey Choco,28/06/2023,"$8,495.79",268.0
Ches Bonnell,Australia,Eclairs,05/07/2023,"$4,248.34",130.0
Rafaelita Blaksland,New Zealand,Choco Coated Almonds,07/06/2023,"$2,236.11",46.0
Brien Boise,New Zealand,Smooth Sliky Salty,18/01/2023,"$1,124.27",26.0
Brien Boise,Australia,Baker's Choco Chips,04/01/2023,"$12,870.47",227.0
Dennison Crosswaite,Australia,99% Dark & Pure,31/01/2023,"$3,017.66",19.0
Kelci Walkden,India,Almond Choco,14/03/2023,"$3,574.12",149.0
Camilla Castle,Australia,70% Dark Bites,29/04/2023,"$6,249.31",473.5
Oby Sorrel,India,Smooth Sliky Salty,07/02/2023,"$10,759.61",107.0
Kaine Padly,UK,Organic Choco Syrup,31/03/2023,"$2,508.03",175.0
Marney O'Breen,India,Caramel Stuffed Bars,16/03/2023,"$4,997.82",83.0
Karlen McCaffrey,UK,Eclairs,25/01/2023,"$7,901.09",200.0
Van Tuxwell,India,Baker's Choco Chips,20/06/2023,"$3,133.42",473.5
Gigi Bohling,UK,After Nines,29/03/2023,"$8,320.29",171.0
Curtice Advani,Australia,Orange Choco,12/07/2023,$909.93,132.0
Jehu Rudeforth,Canada,Smooth Sliky Salty,11/07/2023,"$5,631.26",142.0
Karlen McCaffrey,Canada,Smooth Sliky Salty,19/01/2023,"$3,283.44",186.0
Andria Kimpton,USA,85% Dark Bars,05/04/2023,"$9,458.03",87.0
Jehu Rudeforth,Canada,Milk Bars,21/02/2023,"$7,726.25",12.0
Rafaelita Blaksland,New Zealand,Caramel Stuffed Bars,20/05/2023,"$14,369.40",15.0
Mallorie Waber,Australia,Milk Bars,29/07/2023,"$2,829.57",106.0
Barr Faughny,USA,Fruit & Nut Bars,28/01/2023,"$9,370.61",45.0
Marney O'Breen,UK,Caramel Stuffed Bars,19/07/2023,"$3,651.49",112.0
Mallorie Waber,New Zealand,Manuka Honey Choco,13/04/2023,"$10,229.99",12.0
Roddy Speechley,India,Peanut Butter Cubes,11/02/2023,"$11,596.89",22.0
Roddy Speechley,New Zealand,Milk Bars,02/03/2023,"$5,857.90",111.0
Ches Bonnell,Australia,White Choc,02/03/2023,"$1,177.64",206.0
Van Tuxwell,USA,99% Dark & Pure,28/07/2023,"$12,930.11",6.0
Kelci Walkden,India,After Nines,07/01/2023,"$1,732.04",473.5
Brien Boise,UK,White Choc,12/04/2023,"$5,837.17",173.0
Van Tuxwell,Canada,Almond Choco,27/06/2023,"$3,424.66",70.0
Jehu Rudeforth,Australia,50% Dark Bites,14/01/2023,"$5,700.28",422.0
Karlen McCaffrey,UK,Baker's Choco Chips,07/02/2023,"$5,094.48",373.0
Jehu Rudeforth,Australia,Orange Choco,23/03/2023,"$14,529.20",26.0
Marney O'Breen,India,Peanut Butter Cubes,10/01/2023,"$6,761.28",145.0
Oby Sorrel,UK,Choco Coated Almonds,17/03/2023,"$10,370.44",44.0
Gigi Bohling,USA,Spicy Special Slims,21/01/2023,"$12,450.24",57.0
Barr Faughny,Australia,White Choc,04/07/2023,"$8,927.63",386.0
Kaine Padly,Canada,Peanut Butter Cubes,04/07/2023,"$3,438.70",191.0
Dotty Strutley,USA,Manuka Honey Choco,10/08/2023,$299.71,207.0
Dennison Crosswaite,Australia,50% Dark Bites,01/04/2023,"$7,374.26",12.0
Gigi Bohling,India,Raspberry Choco,22/02/2023,"$2,775.87",174.0
Camilla Castle,UK,White Choc,03/01/2023,"$9,957.66",194.0
Karlen McCaffrey,India,Drinking Coco,31/05/2023,"$5,064.88",251.0
Dotty Strutley,UK,99% Dark & Pure,03/01/2023,"$9,865.05",273.0
Husein Augar,New Zealand,Caramel Stuffed Bars,27/01/2023,$571.52,473.5
Barr Faughny,UK,50% Dark Bites,28/01/2023,$656.44,67.0
Curtice Advani,Australia,Organic Choco Syrup,28/06/2023,"$4,008.93",301.0
Husein Augar,UK,Choco Coated Almonds,02/03/2023,"$4,679.06",43.0
Wilone O'Kielt,Australia,After Nines,27/05/2023,"$3,446.84",28.0
Dennison Crosswaite,USA,Almond Choco,30/06/2023,"$11,884.52",82.0
Barr Faughny,Canada,Peanut Butter Cubes,07/06/2023,"$2,167.19",85.0
Kaine Padly,USA,70% Dark Bites,12/05/2023,"$4,199.84",107.0
Barr Faughny,New Zealand,Raspberry Choco,29/07/2023,"$7,358.70",68.0
Dennison Crosswaite,UK,White Choc,03/08/2023,"$7,870.09",274.0
Barr Faughny,India,Baker's Choco Chips,18/08/2023,"$7,454.25",148.0
Van Tuxwell,New Zealand,Smooth Sliky Salty,14/06/2023,"$3,112.30",41.0
Beverie Moffet,UK,White Choc,30/06/2023,"$6,901.22",80.0
Camilla Castle,New Zealand,Mint Chip Choco,13/06/2023,"$1,178.00",199.0
Ches Bonnell,UK,Orange Choco,27/04/2023,"$14,953.83",53.0
Jan Morforth,Australia,White Choc,27/07/2023,"$3,958.57",33.0
Mallorie Waber,Canada,85% Dark Bars,20/04/2023,"$1,639.01",430.0
Rafaelita Blaksland,India,Spicy Special Slims,04/01/2023,"$8,586.04",144.0
Ches Bonnell,Australia,Mint Chip Choco,21/02/2023,"$10,000.22",98.0
Karlen McCaffrey,Australia,White Choc,05/01/2023,"$8,448.39",52.0
Beverie Moffet,India,Drinking Coco,15/07/2023,"$6,984.74",51.0
Brien Boise,Australia,Choco Coated Almonds,25/05/2023,"$5,641.54",61.0
Karlen McCaffrey,Canada,Eclairs,20/04/2023,"$3,850.87",372.0
Gigi Bohling,USA,99% Dark & Pure,02/06/2023,$885.68,240.0
Marney O'Breen,UK,Smooth Sliky Salty,13/05/2023,"$21,251.67",91.0
Beverie Moffet,New Zealand,Baker's Choco Chips,03/08/2023,"$1,452.61",142.0
Beverie Moffet,Australia,Milk Bars,25/05/2023,$793.17,400.0
Van Tuxwell,UK,Raspberry Choco,16/03/2023,"$7,152.22",83.0
Jan Morforth,Australia,Orange Choco,04/07/2023,"$3,364.44",126.0
Jehu Rudeforth,India,50% Dark Bites,05/07/2023,"$3,470.60",129.0
Madelene Upcott,USA,After Nines,15/03/2023,"$4,676.32",440.0
Barr Faughny,UK,Raspberry Choco,22/08/2023,"$6,323.45",70.0
Ches Bonnell,Australia,70% Dark Bites,12/01/2023,"$3,252.70",119.0
Marney O'Breen,UK,Baker's Choco Chips,10/06/2023,$254.16,161.0
Kaine Padly,Australia,Peanut Butter Cubes,25/03/2023,"$6,127.37",299.0
Rafaelita Blaksland,India,Almond Choco,27/07/2023,"$3,791.66",100.0
Husein Augar,UK,Caramel Stuffed Bars,15/04/2023,"$17,059.69",456.0
Roddy Speechley,India,Orange Choco,27/06/2023,"$4,154.44",18.0
Jehu Rudeforth,UK,70% Dark Bites,14/04/2023,"$6,168.51",280.0
Husein Augar,Australia,Manuka Honey Choco,15/03/2023,"$7,984.45",95.0
Madelene Upcott,USA,Eclairs,18/03/2023,"$9,108.33",213.0
Brien Boise,India,Eclairs,29/04/2023,"$1,511.51",58.0
Mallorie Waber,New Zealand,White Choc,25/02/2023,"$3,364.28",265.0
Husein Augar,USA,Milk Bars,02/03/2023,$934.49,54.0
Van Tuxwell,Australia,Milk Bars,20/06/2023,"$8,895.70",91.0
Beverie Moffet,Canada,White Choc,15/07/2023,"$9,957.20",185.0
Dotty Strutley,Australia,50% Dark Bites,12/05/2023,"$3,359.18",256.0
Mallorie Waber,New Zealand,Organic Choco Syrup,01/07/2023,"$5,098.29",276.0
Husein Augar,USA,85% Dark Bars,08/08/2023,$398.28,52.0
Madelene Upcott,Australia,50% Dark Bites,25/07/2023,"$7,473.14",6.0
Wilone O'Kielt,UK,Drinking Coco,18/05/2023,"$3,638.66",59.0
Camilla Castle,India,Peanut Butter Cubes,15/07/2023,"$12,507.08",284.0
Curtice Advani,India,70% Dark Bites,05/07/2023,"$2,393.79",48.0
Mallorie Waber,USA,Manuka Honey Choco,04/07/2023,"$6,136.99",94.0
Dotty Strutley,UK,70% Dark Bites,20/06/2023,"$1,264.43",232.0
Gunar Cockshoot,Australia,Almond Choco,25/01/2023,"$4,101.26",425.0
Kaine Padly,New Zealand,Spicy Special Slims,01/07/2023,"$8,106.88",40.0
Gigi Bohling,USA,50% Dark Bites,13/04/2023,"$2,456.10",58.0
Beverie Moffet,UK,Smooth Sliky Salty,04/05/2023,"$4,726.60",75.0
Beverie Moffet,Australia,Baker's Choco Chips,04/08/2023,"$3,482.73",108.0
Beverie Moffet,India,70% Dark Bites,01/06/2023,$467.19,159.0
Jehu Rudeforth,UK,Choco Coated Almonds,22/04/2023,"$4,875.38",185.0
Kaine Padly,USA,50% Dark Bites,03/08/2023,$70.60,27.0
Ches Bonnell,USA,Orange Choco,10/06/2023,"$1,835.22",73.0
Gunar Cockshoot,UK,Manuka Honey Choco,27/06/2023,"$7,304.74",49.0
Marney O'Breen,Australia,Smooth Sliky Salty,03/01/2023,"$3,967.85",163.0
Marney O'Breen,India,After Nines,11/07/2023,"$2,800.67",190.0
Ches Bonnell,New Zealand,Milk Bars,17/08/2023,"$4,474.52",120.0
Rafaelita Blaksland,USA,Fruit & Nut Bars,18/01/2023,"$2,737.03",63.0
Ches Bonnell,India,Organic Choco Syrup,08/03/2023,"$16,717.26",102.0
Mallorie Waber,Australia,Orange Choco,07/03/2023,"$16,112.73",282.0
Husein Augar,India,70% Dark Bites,09/05/2023,"$6,898.00",163.0
Barr Faughny,New Zealand,85% Dark Bars,23/05/2023,"$2,151.04",170.0
Madelene Upcott,UK,Caramel Stuffed Bars,15/04/2023,$172.51,152.0
Gigi Bohling,Australia,Drinking Coco,27/07/2023,"$2,949.02",153.0
Marney O'Breen,Canada,Choco Coated Almonds,22/08/2023,"$2,790.72",435.0
Ches Bonnell,USA,70% Dark Bites,11/05/2023,"$5,054.42",127.0
Madelene Upcott,India,Organic Choco Syrup,26/01/2023,"$5,418.75",37.0
Barr Faughny,USA,50% Dark Bites,14/04/2023,"$14,604.67",128.0
Dennison Crosswaite,New Zealand,Mint Chip Choco,05/04/2023,"$6,668.93",419.0
Marney O'Breen,New Zealand,Smooth Sliky Salty,14/06/2023,"$9,689.70",58.0
Brien Boise,Canada,Almond Choco,13/04/2023,"$5,026.81",123.0
Beverie Moffet,Australia,White Choc,27/06/2023,"$2,379.01",178.0
Dotty Strutley,Australia,Eclairs,26/01/2023,"$7,770.55",3.0
Barr Faughny,UK,White Choc,05/07/2023,"$1,837.47",77.0
Beverie Moffet,Canada,Baker's Choco Chips,11/01/2023,"$14,625.75",90.0
Kelci Walkden,USA,White Choc,07/03/2023,"$10,305.40",22.0
Kaine Padly,Canada,50% Dark Bites,04/03/2023,"$8,798.99",99.0
Karlen McCaffrey,Canada,Organic Choco Syrup,15/07/2023,"$2,466.59",309.0
Kaine Padly,UK,Peanut Butter Cubes,11/05/2023,"$6,564.20",92.0
Karlen McCaffrey,USA,Milk Bars,27/01/2023,"$4,764.56",7.0
Karlen McCaffrey,India,Orange Choco,27/06/2023,"$3,172.08",153.0
Ches Bonnell,India,Smooth Sliky Salty,03/08/2023,"$8,062.00",20.0
Wilone O'Kielt,New Zealand,Mint Chip Choco,19/08/2023,"$12,382.41",245.0
Wilone O'Kielt,Australia,Fruit & Nut Bars,15/06/2023,$413.60,111.0
Dennison Crosswaite,UK,Peanut Butter Cubes,07/02/2023,"$10,186.18",154.0
Karlen McCaffrey,Australia,Almond Choco,08/07/2023,"$7,936.84",138.0
Dennison Crosswaite,India,Milk Bars,21/04/2023,"$1,712.72",93.0
Ches Bonnell,UK,Mint Chip Choco,08/04/2023,"$3,088.98",226.0
Husein Augar,Australia,50% Dark Bites,19/08/2023,"$14,953.43",51.0
Jan Morforth,India,Fruit & Nut Bars,04/05/2023,"$3,219.13",54.0
Mallorie Waber,USA,85% Dark Bars,11/05/2023,"$2,700.61",112.0
Mallorie Waber,USA,Eclairs,22/03/2023,"$7,219.96",53.0
Dennison Crosswaite,Canada,Spicy Special Slims,10/08/2023,"$2,634.13",234.0
Dennison Crosswaite,USA,Fruit & Nut Bars,04/05/2023,"$1,630.95",321.0
Kelci Walkden,USA,99% Dark & Pure,18/08/2023,"$8,250.66",258.0
Dotty Strutley,Canada,Raspberry Choco,03/08/2023,"$4,849.30",248.0
Marney O'Breen,New Zealand,Milk Bars,14/01/2023,"$7,940.49",328.0
Madelene Upcott,Australia,Choco Coated Almonds,08/04/2023,"$2,106.93",69.0
Kelci Walkden,UK,Orange Choco,01/08/2023,"$3,911.85",3.0
Dennison Crosswaite,Canada,Eclairs,15/03/2023,$483.04,45.0
Karlen McCaffrey,India,Mint Chip Choco,15/07/2023,"$11,380.70",192.0
Barr Faughny,New Zealand,Almond Choco,13/01/2023,"$6,372.68",131.0
Mallorie Waber,Australia,85% Dark Bars,26/08/2023,"$2,714.76",52.0
Ches Bonnell,Canada,Eclairs,10/01/2023,"$2,106.17",172.0
Gigi Bohling,Australia,White Choc,11/05/2023,"$5,805.24",83.0
Beverie Moffet,New Zealand,85% Dark Bars,30/08/2023,"$12,205.52",23.0
Kaine Padly,USA,Caramel Stuffed Bars,21/07/2023,"$6,318.70",124.0
Mallorie Waber,Australia,Almond Choco,01/08/2023,"$8,522.80",137.0
Brien Boise,Canada,85% Dark Bars,17/02/2023,"$10,315.88",268.0
Brien Boise,Australia,Drinking Coco,27/07/2023,"$7,262.12",158.0
Dotty Strutley,USA,Orange Choco,23/02/2023,"$1,414.84",112.0
Rafaelita Blaksland,Australia,50% Dark Bites,22/03/2023,"$3,067.90",42.0
Dennison Crosswaite,India,99% Dark & Pure,23/06/2023,"$7,369.69",325.0
Curtice Advani,UK,White Choc,01/02/2023,"$1,775.18",73.0
Kelci Walkden,Australia,After Nines,02/03/2023,"$7,683.78",279.0
Gigi Bohling,UK,Fruit & Nut Bars,06/04/2023,"$1,412.22",90.0
Gunar Cockshoot,Australia,Raspberry Choco,17/03/2023,$607.08,76.0
Curtice Advani,UK,Fruit & Nut Bars,24/06/2023,"$11,688.75",136.0
Barr Faughny,Canada,50% Dark Bites,19/07/2023,"$10,275.55",301.0
Curtice Advani,USA,Spicy Special Slims,11/07/2023,"$1,788.10",271.0
Brien Boise,India,Almond Choco,13/01/2023,"$2,378.08",222.0
Oby Sorrel,New Zealand,Smooth Sliky Salty,07/07/2023,"$9,545.03",64.0
Jan Morforth,India,85% Dark Bars,25/05/2023,"$4,999.52",446.0
Marney O'Breen,India,Fruit & Nut Bars,13/04/2023,"$5,312.50",160.0
Andria Kimpton,New Zealand,50% Dark Bites,02/03/2023,"$3,750.88",208.0
Gunar Cockshoot,Canada,Raspberry Choco,23/06/2023,"$2,375.74",129.0
Kelci Walkden,USA,Drinking Coco,26/07/2023,"$7,013.61",170.0
Van Tuxwell,Canada,White Choc,22/03/2023,$481.52,3.0
Rafaelita Blaksland,USA,Baker's Choco Chips,09/06/2023,"$3,136.92",64.0
Van Tuxwell,Australia,Caramel Stuffed Bars,17/05/2023,"$6,584.26",62.0
Ches Bonnell,New Zealand,Peanut Butter Cubes,04/03/2023,"$1,024.77",260.0
Kelci Walkden,Canada,Milk Bars,07/07/2023,"$17,680.19",27.0
Dennison Crosswaite,Canada,Choco Coated Almonds,13/01/2023,"$10,707.82",124.0
Curtice Advani,Australia,Almond Choco,13/07/2023,"$3,019.09",78.0
Madelene Upcott,Australia,85% Dark Bars,16/06/2023,"$1,758.62",329.0
Gigi Bohling,UK,50% Dark Bites,18/07/2023,"$8,385.38",73.0
Ches Bonnell,UK,Manuka Honey Choco,30/05/2023,"$4,854.12",411.0
Gigi Bohling,UK,70% Dark Bites,21/06/2023,$949.18,83.0
Jehu Rudeforth,Australia,Peanut Butter Cubes,24/06/2023,"$6,047.05",40.0
Marney O'Breen,India,Eclairs,13/01/2023,"$3,883.32",94.0
Curtice Advani,Canada,Fruit & Nut Bars,04/04/2023,"$4,382.07",210.0
Kaine Padly,UK,Smooth Sliky Salty,08/06/2023,"$9,928.10",473.5
Karlen McCaffrey,Canada,Spicy Special Slims,02/08/2023,"$6,315.53",51.0
Kelci Walkden,USA,Organic Choco Syrup,21/07/2023,"$10,630.08",155.0
Curtice Advani,India,Spicy Special Slims,20/06/2023,$167.33,143.0
Roddy Speechley,India,After Nines,22/06/2023,"$2,690.14",117.0
Camilla Castle,Australia,Caramel Stuffed Bars,02/05/2023,"$3,242.04",15.0
Curtice Advani,Australia,99% Dark & Pure,07/01/2023,"$5,363.69",87.0
Mallorie Waber,UK,50% Dark Bites,21/02/2023,"$6,160.89",95.0
Ches Bonnell,Canada,Baker's Choco Chips,21/03/2023,"$7,968.23",373.0
Van Tuxwell,UK,Drinking Coco,04/04/2023,"$6,388.95",131.0
Gunar Cockshoot,Canada,Fruit & Nut Bars,24/03/2023,"$15,840.74",216.0
Gunar Cockshoot,New Zealand,Spicy Special Slims,28/06/2023,"$7,265.05",194.0
Gunar Cockshoot,Australia,Drinking Coco,14/01/2023,"$2,342.49",192.0
Karlen McCaffrey,New Zealand,Fruit & Nut Bars,07/02/2023,"$1,365.88",147.0
Dennison Crosswaite,New Zealand,Drinking Coco,11/01/2023,"$4,437.46",196.0
Jehu Rudeforth,India,99% Dark & Pure,25/02/2023,"$2,072.24",232.0
Dotty Strutley,Australia,Mint Chip Choco,01/08/2023,"$7,091.81",27.0
Roddy Speechley,Australia,Mint Chip Choco,05/05/2023,"$7,213.16",277.0
Madelene Upcott,New Zealand,Raspberry Choco,18/05/2023,"$9,672.76",411.0
Dotty Strutley,New Zealand,Choco Coated Almonds,04/01/2023,"$5,750.05",350.0
Roddy Speechley,New Zealand,50% Dark Bites,09/05/2023,"$4,641.29",220.0
Rafaelita Blaksland,India,Smooth Sliky Salty,06/05/2023,"$1,871.33",88.0
Husein Augar,UK,White Choc,13/01/2023,"$10,843.46",142.0
Roddy Speechley,Australia,Almond Choco,24/06/2023,"$5,032.45",79.0
Van Tuxwell,USA,Caramel Stuffed Bars,14/02/2023,"$1,106.38",21.0
Camilla Castle,Australia,99% Dark & Pure,18/01/2023,"$4,977.55",97.0
Kaine Padly,India,Milk Bars,02/05/2023,"$3,210.14",92.0
Ches Bonnell,Australia,Smooth Sliky Salty,16/05/2023,"$7,794.80",54.0
Mallorie Waber,USA,Almond Choco,28/01/2023,"$7,613.37",370.0
Kaine Padly,Canada,99% Dark & Pure,24/06/2023,"$1,332.76",409.0
Oby Sorrel,UK,After Nines,18/07/2023,"$2,587.76",108.0
Gunar Cockshoot,UK,Eclairs,13/04/2023,"$3,826.22",169.0
Dotty Strutley,USA,Caramel Stuffed Bars,15/04/2023,"$18,687.87",80.0
Jan Morforth,India,Peanut Butter Cubes,04/01/2023,"$8,859.63",184.0
Husein Augar,Australia,Eclairs,04/07/2023,"$7,299.40",34.0
Beverie Moffet,USA,Smooth Sliky Salty,24/03/2023,"$2,556.26",354.0
Camilla Castle,Australia,Manuka Honey Choco,17/03/2023,$703.40,181.0
Oby Sorrel,Australia,Almond Choco,15/02/2023,"$6,421.18",242.0
Jan Morforth,USA,Orange Choco,29/06/2023,"$1,048.26",149.0
Gigi Bohling,USA,Fruit & Nut Bars,24/05/2023,"$3,099.14",115.0
Mallorie Waber,UK,Milk Bars,10/01/2023,"$3,737.68",282.0
Curtice Advani,USA,Raspberry Choco,15/03/2023,"$3,086.89",153.0
Marney O'Breen,Canada,Milk Bars,08/02/2023,"$2,618.15",312.0
Brien Boise,India,Caramel Stuffed Bars,25/02/2023,"$1,643.45",110.0
Gunar Cockshoot,USA,Eclairs,03/05/2023,"$7,368.94",45.0
Roddy Speechley,USA,Fruit & Nut Bars,14/06/2023,"$6,082.19",23.0
Gunar Cockshoot,India,50% Dark Bites,09/08/2023,"$14,456.14",79.0
Wilone O'Kielt,New Zealand,Manuka Honey Choco,11/07/2023,"$4,173.40",254.0
Kaine Padly,UK,Manuka Honey Choco,14/01/2023,"$7,189.18",113.0
Van Tuxwell,Canada,Manuka Honey Choco,24/02/2023,"$8,962.96",48.0
Wilone O'Kielt,New Zealand,Almond Choco,15/03/2023,"$10,085.02",146.0
Oby Sorrel,New Zealand,Baker's Choco Chips,25/04/2023,"$12,073.18",51.0
Dennison Crosswaite,Australia,Organic Choco Syrup,10/05/2023,"$6,655.62",39.0
Marney O'Breen,Australia,Spicy Special Slims,23/06/2023,"$14,193.67",302.0
Beverie Moffet,Canada,Smooth Sliky Salty,28/02/2023,"$15,507.29",352.0
Brien Boise,USA,Organic Choco Syrup,25/05/2023,"$17,383.08",145.0
Roddy Speechley,New Zealand,Baker's Choco Chips,22/02/2023,"$5,912.59",232.0
Van Tuxwell,UK,85% Dark Bars,11/07/2023,"$4,029.28",128.0
Marney O'Breen,Canada,Spicy Special Slims,03/01/2023,"$3,563.09",344.0
Rafaelita Blaksland,New Zealand,70% Dark Bites,24/08/2023,$773.73,280.0
Beverie Moffet,USA,50% Dark Bites,28/07/2023,"$2,620.19",340.0
Brien Boise,USA,Mint Chip Choco,25/05/2023,"$11,426.56",151.0
Karlen McCaffrey,New Zealand,Eclairs,06/05/2023,"$2,935.80",171.0
Barr Faughny,India,Drinking Coco,28/01/2023,"$2,431.53",148.0
Marney O'Breen,UK,Orange Choco,06/06/2023,"$11,882.82",13.0
Brien Boise,New Zealand,Baker's Choco Chips,12/07/2023,"$6,297.06",26.0
Ches Bonnell,Canada,Spicy Special Slims,05/08/2023,"$5,859.21",193.0
Brien Boise,USA,Orange Choco,28/01/2023,"$6,276.91",157.0
Kaine Padly,India,Spicy Special Slims,31/08/2023,"$5,674.70",147.0
Mallorie Waber,USA,50% Dark Bites,19/04/2023,"$1,960.10",14.0
Mallorie Waber,UK,Mint Chip Choco,29/06/2023,"$6,540.30",2.0
Beverie Moffet,India,Choco Coated Almonds,24/02/2023,"$3,818.21",287.0
Madelene Upcott,UK,Smooth Sliky Salty,04/03/2023,"$14,769.97",87.0
Gigi Bohling,India,Eclairs,21/06/2023,"$3,687.44",73.0
Rafaelita Blaksland,Australia,Organic Choco Syrup,26/01/2023,"$1,123.58",114.0
Oby Sorrel,New Zealand,White Choc,10/06/2023,"$4,612.08",38.0
Andria Kimpton,UK,Drinking Coco,23/05/2023,"$1,600.11",70.0
Kelci Walkden,India,Milk Bars,15/04/2023,$975.67,105.0
Karlen McCaffrey,New Zealand,Caramel Stuffed Bars,31/01/2023,"$5,487.30",219.0
Andria Kimpton,New Zealand,Organic Choco Syrup,04/03/2023,"$4,948.15",39.0
Barr Faughny,New Zealand,After Nines,19/04/2023,"$11,460.08",81.0
Beverie Moffet,UK,Almond Choco,16/05/2023,"$2,628.33",101.0
Oby Sorrel,Australia,Raspberry Choco,17/02/2023,"$1,044.35",126.0
Dennison Crosswaite,USA,Raspberry Choco,18/01/2023,"$7,449.70",264.0
Roddy Speechley,Canada,Orange Choco,09/02/2023,"$9,315.64",88.0
Mallorie Waber,Canada,Orange Choco,23/03/2023,"$3,820.94",179.0
Madelene Upcott,New Zealand,Caramel Stuffed Bars,01/02/2023,"$3,782.83",150.0
Mallorie Waber,India,Drinking Coco,07/03/2023,"$4,525.72",146.0
Ches Bonnell,UK,White Choc,03/01/2023,"$3,730.79",237.0
Ches Bonnell,USA,White Choc,11/02/2023,"$6,068.19",349.0
Dennison Crosswaite,New Zealand,Orange Choco,16/03/2023,"$4,944.46",144.0
Dotty Strutley,India,White Choc,15/08/2023,"$12,331.35",337.0
Gigi Bohling,India,Manuka Honey Choco,12/05/2023,"$5,290.76",76.0
Van Tuxwell,India,Spicy Special Slims,11/04/2023,"$6,874.06",4.0
Jan Morforth,New Zealand,Mint Chip Choco,30/06/2023,"$20,402.17",297.0
Dotty Strutley,New Zealand,White Choc,15/06/2023,"$7,923.10",62.0
Rafaelita Blaksland,Canada,Caramel Stuffed Bars,01/08/2023,"$8,145.99",100.0
Kaine Padly,USA,Milk Bars,15/06/2023,"$16,253.25",58.0
Brien Boise,India,After Nines,16/06/2023,"$5,744.07",49.0
Oby Sorrel,New Zealand,Raspberry Choco,13/05/2023,"$4,908.71",288.0
Dennison Crosswaite,USA,Drinking Coco,10/05/2023,"$2,369.87",139.0
Oby Sorrel,India,Eclairs,25/08/2023,"$5,973.24",337.0
Ches Bonnell,New Zealand,Organic Choco Syrup,15/07/2023,"$8,047.16",86.0
Gigi Bohling,UK,Baker's Choco Chips,16/05/2023,"$9,656.56",400.0
Jan Morforth,Australia,50% Dark Bites,14/06/2023,"$3,925.06",186.0
Beverie Moffet,Australia,Smooth Sliky Salty,25/01/2023,"$11,682.62",473.5
Ches Bonnell,USA,Organic Choco Syrup,28/07/2023,"$7,874.15",13.0
Brien Boise,Canada,Mint Chip Choco,28/01/2023,"$5,061.37",179.0
Kaine Padly,UK,Orange Choco,29/06/2023,"$2,099.24",186.0
Karlen McCaffrey,Australia,70% Dark Bites,24/06/2023,$237.57,311.0
Gunar Cockshoot,Canada,Mint Chip Choco,01/07/2023,"$8,829.77",445.0
Roddy Speechley,USA,Peanut Butter Cubes,25/02/2023,"$1,733.09",135.0
Curtice Advani,Canada,Smooth Sliky Salty,01/08/2023,"$3,047.18",12.0
Oby Sorrel,Australia,Milk Bars,21/06/2023,"$8,497.72",276.0
Camilla Castle,New Zealand,Spicy Special Slims,25/01/2023,"$12,557.56",26.0
Gigi Bohling,UK,Milk Bars,17/05/2023,"$1,406.91",231.0
Andria Kimpton,Australia,85% Dark Bars,23/08/2023,"$4,496.32",240.0
Camilla Castle,Australia,Smooth Sliky Salty,03/03/2023,"$8,220.25",125.0
Roddy Speechley,India,Caramel Stuffed Bars,30/05/2023,"$9,588.03",473.5
Karlen McCaffrey,USA,Drinking Coco,29/06/2023,$114.82,231.0
Andria Kimpton,Canada,Organic Choco Syrup,04/01/2023,"$8,804.98",214.0
Jehu Rudeforth,Australia,Drinking Coco,14/01/2023,"$2,900.61",68.0
Karlen McCaffrey,USA,Mint Chip Choco,15/02/2023,"$16,773.08",58.0
Curtice Advani,New Zealand,Spicy Special Slims,10/01/2023,"$4,153.59",473.5
Madelene Upcott,USA,White Choc,04/05/2023,"$12,571.07",226.0
Andria Kimpton,USA,Spicy Special Slims,23/05/2023,"$2,553.46",5.0
Barr Faughny,New Zealand,Fruit & Nut Bars,26/04/2023,"$1,888.94",159.0
Oby Sorrel,Canada,Organic Choco Syrup,05/07/2023,"$1,310.04",71.0
Madelene Upcott,UK,Organic Choco Syrup,21/07/2023,"$7,805.90",179.0
Dotty Strutley,USA,Mint Chip Choco,21/02/2023,"$6,101.12",261.0
Kelci Walkden,USA,Orange Choco,03/02/2023,"$1,425.81",133.0
Gigi Bohling,Australia,Caramel Stuffed Bars,08/07/2023,"$8,724.40",147.0
Mallorie Waber,India,50% Dark Bites,31/05/2023,$664.82,147.0
Van Tuxwell,New Zealand,Mint Chip Choco,27/06/2023,"$4,351.31",103.0
Van Tuxwell,India,50% Dark Bites,13/05/2023,"$5,825.09",123.0
Van Tuxwell,USA,Manuka Honey Choco,31/05/2023,"$2,418.93",110.0
Wilone O'Kielt,USA,Orange Choco,28/02/2023,"$7,725.52",38.0
Barr Faughny,New Zealand,Eclairs,28/03/2023,"$7,144.08",32.0
Gigi Bohling,USA,After Nines,14/01/2023,"$2,043.13",243.0
Barr Faughny,New Zealand,Mint Chip Choco,21/02/2023,"$6,526.01",147.0
Dennison Crosswaite,Canada,85% Dark Bars,01/08/2023,"$11,334.77",89.0
Beverie Moffet,New Zealand,Smooth Sliky Salty,19/05/2023,"$2,492.67",58.0
Husein Augar,USA,White Choc,13/07/2023,"$2,066.48",59.0
Andria Kimpton,Australia,Peanut Butter Cubes,20/04/2023,"$7,009.01",150.0
Dennison Crosswaite,India,85% Dark Bars,30/06/2023,"$4,562.97",21.0
Curtice Advani,UK,50% Dark Bites,08/03/2023,"$3,442.99",142.0
Gunar Cockshoot,USA,Fruit & Nut Bars,09/03/2023,"$6,669.60",99.0
Oby Sorrel,Canada,Raspberry Choco,16/06/2023,"$1,902.47",217.0
Gigi Bohling,UK,Drinking Coco,30/06/2023,"$6,157.17",43.0
Kelci Walkden,India,Mint Chip Choco,28/07/2023,"$3,012.68",129.0
Karlen McCaffrey,Canada,Peanut Butter Cubes,12/08/2023,"$3,473.62",170.0
Barr Faughny,UK,Mint Chip Choco,07/07/2023,"$4,129.98",332.0
Barr Faughny,USA,85% Dark Bars,25/08/2023,"$14,566.22",45.0
Husein Augar,Canada,Eclairs,17/01/2023,"$4,049.61",255.0
Jan Morforth,Australia,70% Dark Bites,04/03/2023,"$5,924.44",396.0
Marney O'Breen,New Zealand,Fruit & Nut Bars,25/08/2023,"$10,100.95",4.0
Ches Bonnell,UK,Peanut Butter Cubes,15/04/2023,"$2,362.01",272.0
Kaine Padly,USA,Organic Choco Syrup,11/03/2023,"$2,638.76",24.0
Camilla Castle,USA,Raspberry Choco,20/05/2023,"$3,496.41",18.0
Brien Boise,New Zealand,Manuka Honey Choco,14/06/2023,"$17,222.86",44.0
Jehu Rudeforth,New Zealand,After Nines,14/04/2023,"$1,604.87",71.0
Jehu Rudeforth,USA,Smooth Sliky Salty,07/07/2023,"$7,170.21",151.0
Madelene Upcott,India,Mint Chip Choco,24/08/2023,"$4,090.16",75.0
Jehu Rudeforth,India,Eclairs,24/02/2023,"$9,574.38",134.0
Karlen McCaffrey,Canada,Raspberry Choco,09/05/2023,$717.90,213.0
Kaine Padly,Australia,70% Dark Bites,08/02/2023,"$7,734.54",227.0
Roddy Speechley,UK,70% Dark Bites,24/03/2023,"$1,606.49",305.0
Rafaelita Blaksland,USA,Drinking Coco,20/06/2023,"$9,170.09",79.0
Mallorie Waber,Canada,Manuka Honey Choco,07/03/2023,"$1,583.57",122.0
Kaine Padly,Australia,Fruit & Nut Bars,20/06/2023,"$7,684.52",83.0
Oby Sorrel,New Zealand,Organic Choco Syrup,17/02/2023,"$16,765.07",261.0
Madelene Upcott,UK,99% Dark & Pure,26/01/2023,"$11,796.63",45.0
Madelene Upcott,Australia,Mint Chip Choco,02/05/2023,"$2,766.65",148.0
Curtice Advani,Canada,99% Dark & Pure,07/07/2023,"$13,232.74",7.0
Rafaelita Blaksland,Australia,Baker's Choco Chips,22/08/2023,"$2,820.41",50.0
Karlen McCaffrey,Australia,After Nines,11/08/2023,"$2,483.32",65.0
Marney O'Breen,UK,99% Dark & Pure,13/01/2023,"$9,124.16",209.0
Gunar Cockshoot,Australia,50% Dark Bites,02/03/2023,"$12,728.16",111.0
Marney O'Breen,Australia,Choco Coated Almonds,27/07/2023,"$12,624.64",41.0
Kelci Walkden,New Zealand,Drinking Coco,10/03/2023,"$17,584.16",110.0
Beverie Moffet,USA,85% Dark Bars,23/08/2023,"$13,156.49",360.0
Roddy Speechley,USA,Eclairs,25/04/2023,"$4,164.10",167.0
Dennison Crosswaite,UK,Milk Bars,07/03/2023,"$11,698.98",436.0
Wilone O'Kielt,UK,Organic Choco Syrup,12/07/2023,"$4,964.25",56.0
Madelene Upcott,USA,Orange Choco,16/05/2023,"$8,258.37",132.0
Gunar Cockshoot,India,Smooth Sliky Salty,02/03/2023,"$3,938.20",70.0
Marney O'Breen,New Zealand,85% Dark Bars,30/05/2023,"$1,368.27",163.0
Marney O'Breen,UK,Manuka Honey Choco,10/06/2023,"$12,449.46",177.0
Brien Boise,USA,99% Dark & Pure,25/07/2023,"$7,323.82",339.0
Beverie Moffet,New Zealand,Mint Chip Choco,09/06/2023,"$4,560.81",102.0
Dennison Crosswaite,USA,Milk Bars,12/05/2023,$777.46,58.0
Gunar Cockshoot,USA,Drinking Coco,09/05/2023,"$3,857.27",5.0
Brien Boise,Canada,Manuka Honey Choco,09/08/2023,"$7,442.69",179.0
Van Tuxwell,India,Choco Coated Almonds,13/04/2023,"$5,799.30",125.0
Andria Kimpton,USA,Caramel Stuffed Bars,02/05/2023,"$8,836.90",48.0
Dotty Strutley,USA,99% Dark & Pure,09/08/2023,"$4,185.00",315.0
Camilla Castle,Australia,Raspberry Choco,23/08/2023,"$6,984.06",174.0
Gunar Cockshoot,India,Spicy Special Slims,13/05/2023,"$7,362.70",179.0
Karlen McCaffrey,USA,Manuka Honey Choco,01/02/2023,"$10,338.27",73.0
Camilla Castle,USA,50% Dark Bites,23/06/2023,"$6,215.72",324.0
Madelene Upcott,UK,Choco Coated Almonds,24/05/2023,"$10,400.66",144.0
Jan Morforth,Canada,Mint Chip Choco,01/04/2023,"$1,062.61",217.0
Camilla Castle,Canada,70% Dark Bites,27/07/2023,"$10,095.71",151.0
Ches Bonnell,India,Peanut Butter Cubes,27/01/2023,"$23,251.68",210.0
Jan Morforth,India,Choco Coated Almonds,12/08/2023,"$2,669.61",143.0
Gigi Bohling,Canada,Almond Choco,01/02/2023,"$10,265.97",49.0
Rafaelita Blaksland,India,After Nines,02/03/2023,"$5,423.54",203.0
Kelci Walkden,Australia,99% Dark & Pure,30/06/2023,"$3,272.68",32.0
Dotty Strutley,Australia,Spicy Special Slims,17/01/2023,"$8,840.59",92.0
Brien Boise,USA,Milk Bars,07/07/2023,"$14,460.51",124.0
Mallorie Waber,New Zealand,Mint Chip Choco,31/01/2023,"$1,461.99",109.0
Beverie Moffet,UK,99% Dark & Pure,10/08/2023,"$3,701.60",131.0
Beverie Moffet,USA,Peanut Butter Cubes,18/08/2023,"$13,951.32",329.0
Brien Boise,New Zealand,White Choc,15/06/2023,"$5,774.92",325.0
Marney O'Breen,USA,Baker's Choco Chips,26/01/2023,"$9,718.87",10.0
Kelci Walkden,USA,Spicy Special Slims,29/04/2023,$87.52,69.0
Mallorie Waber,Canada,White Choc,03/03/2023,"$3,398.51",74.0
Kaine Padly,Australia,Almond Choco,22/02/2023,"$4,371.77",375.0
Oby Sorrel,USA,Smooth Sliky Salty,04/03/2023,"$3,632.32",169.0
Dennison Crosswaite,India,Smooth Sliky Salty,07/07/2023,"$3,343.85",10.0
Camilla Castle,New Zealand,Caramel Stuffed Bars,17/06/2023,"$4,400.28",364.0
Jan Morforth,Canada,Caramel Stuffed Bars,02/08/2023,"$10,802.13",124.0
Oby Sorrel,USA,Baker's Choco Chips,12/08/2023,"$9,154.17",123.0
Madelene Upcott,New Zealand,Peanut Butter Cubes,28/01/2023,"$5,360.89",340.0
Kelci Walkden,Australia,Orange Choco,29/04/2023,"$11,597.46",462.0
Marney O'Breen,Australia,Manuka Honey Choco,05/04/2023,"$14,939.24",238.0
Kaine Padly,Canada,Manuka Honey Choco,18/01/2023,"$10,845.85",146.0
Jehu Rudeforth,UK,Baker's Choco Chips,16/05/2023,"$2,832.78",104.0
Kelci Walkden,Australia,White Choc,24/08/2023,"$8,879.72",177.0
Curtice Advani,India,85% Dark Bars,18/01/2023,$298.34,399.0
Kaine Padly,USA,Eclairs,22/08/2023,"$7,799.51",10.0
Gunar Cockshoot,UK,99% Dark & Pure,07/03/2023,$8.04,85.0
Beverie Moffet,UK,Choco Coated Almonds,04/03/2023,"$3,212.35",66.0
Dotty Strutley,Canada,Manuka Honey Choco,22/04/2023,"$12,048.56",113.0
Kaine Padly,Australia,Milk Bars,09/06/2023,"$4,499.64",91.0
Jan Morforth,Canada,Fruit & Nut Bars,25/07/2023,"$9,984.16",207.0
Jan Morforth,India,Smooth Sliky Salty,03/08/2023,"$11,867.83",95.0
Rafaelita Blaksland,Australia,Manuka Honey Choco,03/08/2023,"$4,806.65",132.0
Jehu Rudeforth,UK,Milk Bars,03/05/2023,"$13,420.93",232.0
Husein Augar,Canada,After Nines,19/01/2023,"$10,407.51",301.0
Roddy Speechley,USA,50% Dark Bites,11/02/2023,"$10,849.39",330.0
Van Tuxwell,India,Almond Choco,14/06/2023,"$7,247.29",402.0
Kelci Walkden,USA,50% Dark Bites,23/03/2023,"$6,387.65",227.0
Madelene Upcott,Canada,85% Dark Bars,17/02/2023,"$8,373.42",108.0
Dennison Crosswaite,Canada,Smooth Sliky Salty,17/03/2023,"$1,887.19",473.5
Mallorie Waber,Australia,Spicy Special Slims,29/06/2023,"$6,054.04",287.0
Ches Bonnell,Canada,Choco Coated Almonds,24/08/2023,"$16,254.61",268.0
Gigi Bohling,Canada,Spicy Special Slims,04/07/2023,"$13,173.56",301.0
Roddy Speechley,New Zealand,Almond Choco,28/03/2023,"$2,721.46",72.0
Curtice Advani,India,Smooth Sliky Salty,19/04/2023,"$19,283.64",139.0
Ches Bonnell,New Zealand,Mint Chip Choco,18/01/2023,"$9,327.52",232.0
Van Tuxwell,New Zealand,Fruit & Nut Bars,17/01/2023,"$3,184.03",85.0
Andria Kimpton,New Zealand,Mint Chip Choco,15/02/2023,"$9,738.74",209.0
Andria Kimpton,UK,Milk Bars,11/02/2023,"$16,486.65",314.0
Camilla Castle,USA,Manuka Honey Choco,21/03/2023,"$16,792.23",184.0
Gunar Cockshoot,New Zealand,Almond Choco,05/01/2023,"$5,752.62",125.0
Brien Boise,India,Raspberry Choco,30/05/2023,"$6,833.28",157.0
Jehu Rudeforth,USA,99% Dark & Pure,04/01/2023,"$2,815.72",222.0
Beverie Moffet,Australia,Fruit & Nut Bars,22/04/2023,"$1,545.36",269.0
Gigi Bohling,Canada,Milk Bars,10/02/2023,"$3,432.73",120.0
Dotty Strutley,India,Spicy Special Slims,12/08/2023,"$1,001.99",217.0
Gunar Cockshoot,USA,Organic Choco Syrup,10/08/2023,"$2,494.19",315.0
Kelci Walkden,Australia,Raspberry Choco,07/06/2023,$770.25,61.0
Jehu Rudeforth,India,Baker's Choco Chips,06/06/2023,"$2,261.98",73.0
Karlen McCaffrey,New Zealand,Baker's Choco Chips,05/04/2023,"$5,667.58",204.0
Wilone O'Kielt,USA,50% Dark Bites,18/04/2023,"$4,738.71",125.0
Andria Kimpton,India,50% Dark Bites,31/01/2023,"$13,661.89",15.0
Madelene Upcott,USA,Baker's Choco Chips,22/08/2023,"$6,067.19",151.0
Jehu Rudeforth,Australia,99% Dark & Pure,25/02/2023,"$11,720.99",204.0
Jan Morforth,Australia,Mint Chip Choco,22/02/2023,"$19,999.55",106.0
Oby Sorrel,New Zealand,Milk Bars,12/01/2023,"$4,484.03",201.0
Brien Boise,UK,Almond Choco,25/05/2023,$107.24,129.0
Kelci Walkden,India,Smooth Sliky Salty,01/02/2023,"$2,525.98",8.0
Rafaelita Blaksland,UK,Eclairs,27/04/2023,"$1,577.84",67.0
Gigi Bohling,USA,Smooth Sliky Salty,22/07/2023,"$2,972.07",129.0
Curtice Advani,New Zealand,Mint Chip Choco,26/01/2023,"$3,691.63",284.0
Curtice Advani,USA,Mint Chip Choco,24/08/2023,"$5,188.89",293.0
Madelene Upcott,New Zealand,Fruit & Nut Bars,18/01/2023,"$5,766.51",21.0
Karlen McCaffrey,India,85% Dark Bars,30/03/2023,"$1,036.77",82.0
Ches Bonnell,Australia,Caramel Stuffed Bars,17/01/2023,"$10,033.52",163.0
Kelci Walkden,USA,Fruit & Nut Bars,17/02/2023,"$5,220.69",154.0
Kelci Walkden,Canada,Peanut Butter Cubes,08/04/2023,"$8,106.62",47.0
Gigi Bohling,Canada,Drinking Coco,06/07/2023,"$3,934.09",86.0
Husein Augar,India,Fruit & Nut Bars,04/04/2023,"$4,508.93",231.0
Jan Morforth,New Zealand,Organic Choco Syrup,02/03/2023,"$1,921.57",226.0
Gigi Bohling,New Zealand,Raspberry Choco,09/08/2023,"$1,161.31",181.0
Dennison Crosswaite,Australia,Milk Bars,09/06/2023,"$11,389.29",282.0
Ches Bonnell,UK,Caramel Stuffed Bars,02/06/2023,"$3,032.30",313.0
Van Tuxwell,USA,Fruit & Nut Bars,05/07/2023,"$6,871.55",238.0
Andria Kimpton,Canada,Eclairs,11/08/2023,$339.99,124.0
Madelene Upcott,India,Choco Coated Almonds,11/02/2023,"$3,720.22",141.0
Kelci Walkden,New Zealand,Spicy Special Slims,11/08/2023,$731.19,69.0
Roddy Speechley,Australia,Drinking Coco,12/05/2023,"$13,288.65",112.0
Wilone O'Kielt,USA,Milk Bars,15/07/2023,"$5,332.79",101.0
Andria Kimpton,India,Organic Choco Syrup,18/01/2023,"$3,971.78",131.0
Madelene Upcott,UK,Fruit & Nut Bars,05/01/2023,"$9,538.21",198.0
Curtice Advani,Australia,50% Dark Bites,29/06/2023,$547.85,221.0
Brien Boise,Canada,Raspberry Choco,14/06/2023,"$2,994.76",47.0
Gunar Cockshoot,India,Mint Chip Choco,08/08/2023,"$4,451.38",71.0
Dennison Crosswaite,India,Mint Chip Choco,23/03/2023,"$14,691.77",143.0
Barr Faughny,India,Caramel Stuffed Bars,04/01/2023,"$7,042.98",107.0
Brien Boise,India,Milk Bars,22/02/2023,"$15,583.00",248.0
Beverie Moffet,UK,Spicy Special Slims,17/02/2023,"$9,059.82",268.0
Barr Faughny,USA,Almond Choco,03/02/2023,$430.59,85.0
Van Tuxwell,Canada,Raspberry Choco,17/03/2023,"$1,264.25",137.0
Wilone O'Kielt,Australia,Baker's Choco Chips,25/01/2023,"$2,995.47",156.0
Brien Boise,Australia,Milk Bars,27/07/2023,"$2,117.82",56.0
Husein Augar,Australia,Fruit & Nut Bars,28/01/2023,"$8,081.79",54.0
Madelene Upcott,Australia,Organic Choco Syrup,05/07/2023,"$11,542.54",49.0
Van Tuxwell,India,White Choc,15/03/2023,"$2,183.68",46.0
Gunar Cockshoot,Canada,After Nines,04/08/2023,"$3,125.34",191.0
Jan Morforth,USA,Fruit & Nut Bars,27/06/2023,"$4,891.86",380.0
Jan Morforth,Canada,After Nines,13/07/2023,"$4,881.32",183.0
Barr Faughny,New Zealand,Manuka Honey Choco,24/02/2023,"$5,917.62",238.0
Karlen McCaffrey,New Zealand,85% Dark Bars,28/06/2023,"$6,312.53",60.0
Oby Sorrel,Australia,85% Dark Bars,30/06/2023,"$7,956.28",27.0
Curtice Advani,Canada,Choco Coated Almonds,18/08/2023,"$5,895.88",7.0
Kaine Padly,India,70% Dark Bites,24/01/2023,"$13,535.70",296.0
Beverie Moffet,USA,White Choc,11/03/2023,"$5,639.90",129.0
Ches Bonnell,New Zealand,After Nines,23/06/2023,"$5,813.44",356.0
Husein Augar,India,Spicy Special Slims,22/08/2023,"$2,514.82",32.0
Gunar Cockshoot,Canada,50% Dark Bites,04/01/2023,"$3,044.01",22.0
Curtice Advani,India,Milk Bars,05/04/2023,"$3,902.04",214.0
Beverie Moffet,India,Milk Bars,15/04/2023,"$1,928.74",354.0
Husein Augar,Australia,White Choc,11/05/2023,"$3,251.53",241.0
Andria Kimpton,Canada,Manuka Honey Choco,21/07/2023,"$5,031.94",473.5
Jan Morforth,New Zealand,Orange Choco,11/02/2023,"$1,350.26",89.0
Andria Kimpton,Canada,Smooth Sliky Salty,08/07/2023,"$1,187.71",75.0
Gunar Cockshoot,UK,Raspberry Choco,11/08/2023,"$7,055.38",334.0
Husein Augar,New Zealand,After Nines,04/08/2023,"$7,231.89",8.0
Andria Kimpton,New Zealand,Orange Choco,14/06/2023,"$9,295.83",93.0
Dennison Crosswaite,UK,Baker's Choco Chips,17/01/2023,"$2,276.94",296.0
Jehu Rudeforth,Canada,Orange Choco,23/06/2023,"$4,229.79",473.5
Jehu Rudeforth,UK,Smooth Sliky Salty,24/08/2023,"$1,640.53",119.0
Andria Kimpton,UK,Caramel Stuffed Bars,07/06/2023,"$8,234.50",294.0
Jan Morforth,UK,White Choc,22/06/2023,"$10,087.04",46.0
Dotty Strutley,USA,Fruit & Nut Bars,13/07/2023,"$3,169.26",281.0
Kelci Walkden,UK,Choco Coated Almonds,24/05/2023,"$10,355.42",215.0
Gunar Cockshoot,New Zealand,After Nines,09/08/2023,"$7,772.63",140.0
Kaine Padly,Canada,85% Dark Bars,06/04/2023,"$1,992.77",31.0
Jan Morforth,New Zealand,Manuka Honey Choco,28/07/2023,"$1,815.56",266.0
Gunar Cockshoot,New Zealand,Raspberry Choco,24/08/2023,$727.11,50.0
Van Tuxwell,Australia,99% Dark & Pure,17/01/2023,$114.96,132.0
Curtice Advani,USA,Drinking Coco,07/02/2023,"$5,378.09",142.0
Brien Boise,Australia,Spicy Special Slims,09/05/2023,"$6,707.63",269.0
Mallorie Waber,New Zealand,85% Dark Bars,06/06/2023,"$8,167.18",102.0
Wilone O'Kielt,USA,Choco Coated Almonds,06/06/2023,"$9,950.14",6.0
Beverie Moffet,New Zealand,Organic Choco Syrup,24/05/2023,"$7,229.26",215.0
Gunar Cockshoot,UK,50% Dark Bites,13/01/2023,"$2,260.21",128.0
Marney O'Breen,USA,Raspberry Choco,23/05/2023,"$6,206.90",149.0
Jehu Rudeforth,UK,White Choc,29/06/2023,"$1,889.83",286.0
Jehu Rudeforth,New Zealand,85% Dark Bars,11/03/2023,"$7,797.24",88.0
Dotty Strutley,USA,85% Dark Bars,25/04/2023,"$11,644.92",473.5
Rafaelita Blaksland,Australia,Smooth Sliky Salty,30/05/2023,"$4,207.22",255.0
Curtice Advani,India,Manuka Honey Choco,23/05/2023,"$1,683.88",169.0
Mallorie Waber,USA,Peanut Butter Cubes,23/05/2023,"$1,337.36",18.0
Van Tuxwell,Canada,Peanut Butter Cubes,24/06/2023,"$7,147.04",300.0
Kelci Walkden,New Zealand,Smooth Sliky Salty,11/03/2023,"$12,030.46",296.0
Rafaelita Blaksland,USA,Smooth Sliky Salty,27/07/2023,"$15,844.58",232.0
Rafaelita Blaksland,USA,White Choc,16/08/2023,"$5,025.84",133.0
Roddy Speechley,Canada,Smooth Sliky Salty,07/03/2023,"$9,902.03",12.0
Curtice Advani,New Zealand,After Nines,05/04/2023,"$7,944.07",33.0
Camilla Castle,India,85% Dark Bars,04/05/2023,"$9,523.65",55.0
Ches Bonnell,USA,Choco Coated Almonds,04/01/2023,"$16,240.71",93.0
Marney O'Breen,Australia,Baker's Choco Chips,13/01/2023,"$5,891.94",109.0
Wilone O'Kielt,New Zealand,Fruit & Nut Bars,11/07/2023,"$6,924.52",94.0
Kaine Padly,Australia,Mint Chip Choco,17/05/2023,"$4,552.57",158.0
Camilla Castle,New Zealand,Peanut Butter Cubes,21/07/2023,"$1,724.91",60.0
Curtice Advani,Canada,Organic Choco Syrup,22/02/2023,$897.30,21.0
Jan Morforth,India,99% Dark & Pure,23/05/2023,"$10,283.90",178.0
Rafaelita Blaksland,Canada,Drinking Coco,12/07/2023,"$10,415.77",200.0
Jan Morforth,UK,Orange Choco,15/06/2023,"$4,220.83",193.0
Barr Faughny,New Zealand,50% Dark Bites,23/06/2023,"$4,909.86",304.0
Curtice Advani,Australia,Eclairs,25/03/2023,"$6,549.62",53.0
Jan Morforth,India,Caramel Stuffed Bars,04/07/2023,$88.72,165.0
Andria Kimpton,UK,White Choc,12/05/2023,"$9,793.16",110.0
Camilla Castle,New Zealand,Raspberry Choco,04/04/2023,"$4,823.65",143.0
Madelene Upcott,Australia,Orange Choco,15/04/2023,"$7,556.55",404.0
Roddy Speechley,Canada,Eclairs,08/03/2023,"$7,082.03",95.0
Karlen McCaffrey,India,White Choc,17/01/2023,"$8,361.47",231.0
Wilone O'Kielt,India,Mint Chip Choco,22/08/2023,"$1,310.50",52.0
Andria Kimpton,UK,99% Dark & Pure,25/07/2023,"$1,288.10",67.0
Marney O'Breen,UK,50% Dark Bites,14/06/2023,"$3,288.29",133.0
Ches Bonnell,India,Choco Coated Almonds,05/04/2023,"$10,669.09",85.0
Madelene Upcott,UK,Raspberry Choco,26/08/2023,"$7,361.93",344.0
Wilone O'Kielt,Australia,50% Dark Bites,03/08/2023,"$10,336.22",123.0
Gigi Bohling,Canada,White Choc,11/07/2023,"$6,985.95",4.0
Wilone O'Kielt,New Zealand,Eclairs,11/03/2023,"$3,394.46",21.0
Brien Boise,UK,Peanut Butter Cubes,10/01/2023,"$15,337.23",31.0
Roddy Speechley,UK,Baker's Choco Chips,04/04/2023,"$15,925.17",378.0
Karlen McCaffrey,Australia,50% Dark Bites,17/01/2023,"$7,355.77",473.5
Marney O'Breen,New Zealand,Organic Choco Syrup,08/07/2023,"$9,489.27",54.0
Jan Morforth,UK,Organic Choco Syrup,12/04/2023,"$1,281.32",354.0
Rafaelita Blaksland,Canada,Fruit & Nut Bars,24/08/2023,$518.07,192.0
Ches Bonnell,UK,Choco Coated Almonds,07/06/2023,"$1,933.56",239.0
Gunar Cockshoot,Canada,Almond Choco,28/07/2023,"$1,308.52",30.0
Husein Augar,USA,99% Dark & Pure,21/02/2023,"$9,878.50",111.0
Dennison Crosswaite,Canada,Mint Chip Choco,08/04/2023,"$1,943.70",297.0
Brien Boise,UK,Manuka Honey Choco,28/06/2023,$80.62,103.0
Van Tuxwell,UK,Baker's Choco Chips,24/03/2023,"$2,678.37",20.0
Barr Faughny,Australia,Caramel Stuffed Bars,29/07/2023,"$2,931.10",60.0
Dennison Crosswaite,USA,Eclairs,25/05/2023,"$2,316.09",90.0
Gigi Bohling,Australia,Raspberry Choco,30/03/2023,"$6,722.22",330.0
Dennison Crosswaite,USA,Organic Choco Syrup,18/07/2023,"$14,528.51",134.0
Beverie Moffet,Canada,Orange Choco,10/05/2023,"$9,390.28",104.0
Mallorie Waber,Australia,Choco Coated Almonds,18/03/2023,"$16,230.41",94.0
Ches Bonnell,India,Caramel Stuffed Bars,15/06/2023,"$7,224.39",55.0
Van Tuxwell,Canada,50% Dark Bites,12/05/2023,"$15,567.58",57.0
Kelci Walkden,New Zealand,Baker's Choco Chips,23/06/2023,"$2,964.20",105.0
Beverie Moffet,India,Spicy Special Slims,21/04/2023,"$3,357.08",186.0
Gigi Bohling,Australia,Almond Choco,17/08/2023,"$1,010.37",127.0
Rafaelita Blaksland,New Zealand,Eclairs,07/02/2023,"$20,470.43",54.0
Kelci Walkden,Canada,Smooth Sliky Salty,17/03/2023,"$8,762.75",115.0
Jan Morforth,India,Baker's Choco Chips,01/08/2023,"$14,613.52",85.0
Jehu Rudeforth,Australia,Milk Bars,18/03/2023,"$9,839.46",31.0
Gigi Bohling,Canada,Fruit & Nut Bars,14/06/2023,"$6,633.23",103.0
Beverie Moffet,UK,Eclairs,22/04/2023,"$9,749.07",169.0
Marney O'Breen,New Zealand,Eclairs,18/01/2023,"$5,254.38",31.0
Husein Augar,Australia,99% Dark & Pure,26/08/2023,"$3,430.43",123.0
Gunar Cockshoot,New Zealand,Fruit & Nut Bars,10/06/2023,"$10,454.55",434.0
Curtice Advani,Canada,70% Dark Bites,31/01/2023,"$2,413.87",7.0
Kelci Walkden,New Zealand,Manuka Honey Choco,08/04/2023,"$1,445.14",108.0
Dotty Strutley,Australia,Baker's Choco Chips,07/06/2023,"$4,022.64",71.0
Barr Faughny,Australia,85% Dark Bars,10/02/2023,"$8,651.20",43.0
Beverie Moffet,Australia,50% Dark Bites,16/05/2023,$725.16,453.0
Gunar Cockshoot,India,Baker's Choco Chips,18/03/2023,"$2,385.40",473.5
Van Tuxwell,Australia,50% Dark Bites,13/07/2023,$726.04,131.0
Oby Sorrel,USA,Manuka Honey Choco,25/07/2023,"$4,742.35",83.0
Van Tuxwell,Canada,Choco Coated Almonds,19/08/2023,"$2,556.96",312.0
Karlen McCaffrey,Canada,70% Dark Bites,24/06/2023,"$8,376.69",473.5
Kelci Walkden,Canada,Fruit & Nut Bars,20/06/2023,$840.71,162.0
Camilla Castle,India,99% Dark & Pure,02/08/2023,$207.87,216.0
Madelene Upcott,New Zealand,70% Dark Bites,22/02/2023,"$13,370.34",94.0
Mallorie Waber,New Zealand,Orange Choco,01/02/2023,"$6,811.37",25.0
Jan Morforth,Canada,70% Dark Bites,14/02/2023,"$6,096.52",300.0
Kelci Walkden,Australia,Milk Bars,24/02/2023,"$8,684.58",120.0
Dennison Crosswaite,India,Orange Choco,18/03/2023,$873.26,140.0
Husein Augar,UK,Eclairs,30/08/2023,"$1,912.66",253.0
Gigi Bohling,USA,Peanut Butter Cubes,09/05/2023,$321.61,76.0
Wilone O'Kielt,USA,Smooth Sliky Salty,18/01/2023,$511.12,96.0
Curtice Advani,India,White Choc,04/07/2023,"$7,887.15",335.0
Oby Sorrel,New Zealand,Spicy Special Slims,03/06/2023,"$1,793.67",13.0
Beverie Moffet,New Zealand,Peanut Butter Cubes,23/02/2023,"$12,129.42",29.0
Dotty Strutley,New Zealand,99% Dark & Pure,09/05/2023,"$11,749.75",213.0
Kelci Walkden,India,70% Dark Bites,06/06/2023,"$3,967.25",101.0
Kelci Walkden,India,Drinking Coco,04/07/2023,"$8,105.37",255.0
Brien Boise,New Zealand,Drinking Coco,06/06/2023,"$1,614.17",106.0
Dotty Strutley,Australia,Almond Choco,13/05/2023,"$1,613.30",91.0
Wilone O'Kielt,New Zealand,Organic Choco Syrup,31/01/2023,"$2,155.64",281.0
Ches Bonnell,New Zealand,Caramel Stuffed Bars,30/06/2023,"$8,184.37",43.0
Barr Faughny,Canada,Manuka Honey Choco,25/08/2023,"$3,613.32",251.0
Gigi Bohling,New Zealand,Smooth Sliky Salty,10/01/2023,$801.09,101.0
Brien Boise,USA,Manuka Honey Choco,22/08/2023,"$2,069.48",8.0
Roddy Speechley,New Zealand,85% Dark Bars,14/04/2023,"$5,096.21",284.0
Oby Sorrel,UK,Smooth Sliky Salty,31/05/2023,"$10,573.50",338.0
Oby Sorrel,UK,Raspberry Choco,08/04/2023,"$4,611.37",322.0
Roddy Speechley,USA,Drinking Coco,21/02/2023,"$3,288.77",148.0
Andria Kimpton,Australia,Manuka Honey Choco,30/03/2023,"$10,883.13",394.0
Mallorie Waber,India,Raspberry Choco,02/03/2023,"$1,516.56",2.0
Jehu Rudeforth,USA,Orange Choco,28/07/2023,$391.33,184.0
Kaine Padly,New Zealand,70% Dark Bites,24/03/2023,"$7,969.08",38.0
Curtice Advani,Australia,After Nines,11/08/2023,$63.71,109.0
Husein Augar,UK,Almond Choco,17/05/2023,"$8,832.33",175.0
Kaine Padly,Canada,Choco Coated Almonds,18/05/2023,"$3,542.19",180.0
Roddy Speechley,UK,Peanut Butter Cubes,17/08/2023,"$6,052.07",173.0
Ches Bonnell,New Zealand,Eclairs,04/04/2023,$543.20,54.0
Brien Boise,India,85% Dark Bars,09/08/2023,"$18,894.92",201.0
Brien Boise,New Zealand,Organic Choco Syrup,17/01/2023,$689.40,331.0
Andria Kimpton,Canada,White Choc,14/02/2023,"$4,435.95",31.0
Gigi Bohling,New Zealand,Orange Choco,16/05/2023,"$9,111.34",324.0
Ches Bonnell,Canada,Smooth Sliky Salty,16/03/2023,"$10,369.71",129.0
Husein Augar,Canada,70% Dark Bites,31/01/2023,"$5,833.20",290.0
Barr Faughny,Canada,Organic Choco Syrup,10/03/2023,"$1,229.96",219.0
Oby Sorrel,UK,Organic Choco Syrup,30/06/2023,"$8,839.72",170.0
Van Tuxwell,New Zealand,Eclairs,01/03/2023,"$5,747.66",176.0
Mallorie Waber,UK,Drinking Coco,27/05/2023,"$3,666.04",107.0
Oby Sorrel,UK,Milk Bars,11/07/2023,"$6,853.82",220.0
Karlen McCaffrey,New Zealand,Mint Chip Choco,02/03/2023,"$4,361.01",59.0
Jehu Rudeforth,USA,Raspberry Choco,04/03/2023,"$7,686.15",141.0
Kelci Walkden,UK,85% Dark Bars,23/06/2023,"$4,188.43",235.0
Kelci Walkden,USA,Almond Choco,27/01/2023,"$5,425.24",234.0
Marney O'Breen,Canada,Orange Choco,14/01/2023,"$2,896.97",456.0
Dennison Crosswaite,India,Fruit & Nut Bars,29/07/2023,"$1,071.31",23.0
Brien Boise,Canada,Smooth Sliky Salty,13/05/2023,"$6,417.05",473.5
Barr Faughny,Canada,Baker's Choco Chips,03/02/2023,"$10,967.31",172.0
Brien Boise,India,Smooth Sliky Salty,27/05/2023,"$6,345.02",28.0
Jan Morforth,Australia,Drinking Coco,18/02/2023,"$2,824.71",25.0
Brien Boise,India,Spicy Special Slims,28/01/2023,"$1,463.67",34.0
Van Tuxwell,UK,Eclairs,29/06/2023,"$5,856.52",115.0
Wilone O'Kielt,India,Caramel Stuffed Bars,13/01/2023,"$4,303.86",282.0
Jehu Rudeforth,UK,After Nines,27/06/2023,"$2,047.77",169.0
Barr Faughny,Canada,White Choc,29/03/2023,"$4,692.36",1.0
Gunar Cockshoot,India,Organic Choco Syrup,03/06/2023,"$7,302.42",153.0
Mallorie Waber,Canada,Smooth Sliky Salty,21/03/2023,"$2,056.92",103.0
Mallorie Waber,India,Eclairs,12/04/2023,"$11,032.79",49.0
Rafaelita Blaksland,Australia,Raspberry Choco,19/01/2023,"$7,773.64",247.0
Karlen McCaffrey,UK,50% Dark Bites,06/04/2023,"$3,843.01",295.0
Kaine Padly,Australia,50% Dark Bites,02/08/2023,"$9,163.79",81.0
Gigi Bohling,Australia,Eclairs,12/04/2023,"$7,628.59",146.0
Oby Sorrel,India,Drinking Coco,21/07/2023,"$18,220.59",139.0
Van Tuxwell,New Zealand,Baker's Choco Chips,22/03/2023,"$9,828.94",24.0
Husein Augar,India,Peanut Butter Cubes,09/05/2023,"$4,726.65",5.0
Andria Kimpton,Australia,Baker's Choco Chips,09/08/2023,$344.82,118.0
Madelene Upcott,Canada,Choco Coated Almonds,20/07/2023,"$3,451.24",283.0
Brien Boise,India,70% Dark Bites,14/04/2023,"$5,071.49",439.0
Jehu Rudeforth,Canada,White Choc,25/01/2023,"$4,719.38",132.0
Andria Kimpton,Australia,Almond Choco,25/04/2023,"$3,430.58",174.0
Dotty Strutley,Canada,After Nines,17/01/2023,$268.30,239.0
Karlen McCaffrey,USA,Eclairs,15/08/2023,$991.46,133.0
Karlen McCaffrey,Canada,Fruit & Nut Bars,02/06/2023,$213.45,17.0
Gunar Cockshoot,USA,85% Dark Bars,30/06/2023,"$7,586.38",131.0
Dotty Strutley,New Zealand,Raspberry Choco,10/02/2023,"$6,192.19",99.0
Marney O'Breen,Canada,Caramel Stuffed Bars,23/02/2023,"$1,510.58",473.5
Dennison Crosswaite,India,Organic Choco Syrup,27/01/2023,"$8,693.31",209.0
Camilla Castle,UK,Mint Chip Choco,26/05/2023,"$5,509.77",307.0
Brien Boise,USA,70% Dark Bites,14/04/2023,"$1,863.20",22.0
Madelene Upcott,Australia,99% Dark & Pure,01/08/2023,"$4,822.50",159.0
Mallorie Waber,Australia,Eclairs,22/08/2023,"$10,856.55",229.0
Marney O'Breen,India,99% Dark & Pure,22/07/2023,"$11,252.11",159.0
Husein Augar,USA,Fruit & Nut Bars,28/04/2023,"$1,387.72",27.0
Kelci Walkden,Australia,Almond Choco,30/05/2023,"$5,509.22",341.0
Ches Bonnell,USA,Milk Bars,21/07/2023,"$2,444.25",155.0
Jan Morforth,UK,Caramel Stuffed Bars,02/08/2023,"$3,175.62",473.5
Brien Boise,New Zealand,70% Dark Bites,15/06/2023,"$7,900.42",143.0
Oby Sorrel,India,85% Dark Bars,05/07/2023,"$9,072.46",142.0
Kaine Padly,New Zealand,Smooth Sliky Salty,12/04/2023,$8.06,473.5
Gigi Bohling,Australia,70% Dark Bites,18/08/2023,"$1,548.54",104.0
Jan Morforth,UK,50% Dark Bites,12/01/2023,"$5,501.67",298.0
Gunar Cockshoot,Canada,White Choc,11/08/2023,"$7,685.42",15.0
Jehu Rudeforth,Australia,Spicy Special Slims,13/01/2023,"$5,147.77",402.0
Husein Augar,UK,Baker's Choco Chips,29/04/2023,"$3,070.43",143.0
Rafaelita Blaksland,New Zealand,After Nines,07/07/2023,"$1,127.50",88.0
Madelene Upcott,New Zealand,Mint Chip Choco,11/03/2023,"$8,502.77",4.0
Madelene Upcott,UK,70% Dark Bites,16/02/2023,"$5,961.02",241.0
Barr Faughny,Australia,Organic Choco Syrup,07/01/2023,"$2,478.33",33.0
Beverie Moffet,New Zealand,Drinking Coco,12/01/2023,"$1,269.56",473.5
Beverie Moffet,India,Eclairs,09/06/2023,"$11,130.52",144.0
Andria Kimpton,India,Eclairs,16/05/2023,"$2,455.09",83.0
Gigi Bohling,UK,85% Dark Bars,23/06/2023,"$12,764.94",100.0
Roddy Speechley,UK,Raspberry Choco,28/01/2023,"$13,351.42",198.0
Dotty Strutley,UK,Mint Chip Choco,14/07/2023,"$2,763.22",223.0
Barr Faughny,Canada,Drinking Coco,18/04/2023,"$6,523.34",245.0
Oby Sorrel,USA,Milk Bars,14/06/2023,"$1,868.25",82.0
Oby Sorrel,UK,Orange Choco,15/04/2023,"$8,431.83",251.0
Curtice Advani,Canada,Peanut Butter Cubes,19/05/2023,"$5,646.99",64.0
Gigi Bohling,India,White Choc,13/04/2023,"$1,484.67",180.0
Husein Augar,Canada,Choco Coated Almonds,15/08/2023,"$3,859.95",395.0
Wilone O'Kielt,India,Choco Coated Almonds,22/08/2023,"$3,237.30",227.0
Wilone O'Kielt,New Zealand,Baker's Choco Chips,22/04/2023,"$4,072.43",64.0
Kaine Padly,UK,Choco Coated Almonds,03/08/2023,"$8,054.87",118.0
Dennison Crosswaite,New Zealand,Organic Choco Syrup,04/01/2023,$420.30,224.0
Kelci Walkden,Canada,After Nines,13/01/2023,"$17,073.99",218.0
Van Tuxwell,Australia,Baker's Choco Chips,11/05/2023,"$13,624.31",33.0
Husein Augar,New Zealand,Peanut Butter Cubes,16/02/2023,"$2,318.46",235.0
Kaine Padly,UK,Caramel Stuffed Bars,20/05/2023,"$10,740.05",67.0
Jehu Rudeforth,UK,Drinking Coco,03/02/2023,"$7,624.67",422.0
Beverie Moffet,India,Manuka Honey Choco,06/05/2023,"$10,168.32",159.0
Gunar Cockshoot,UK,Choco Coated Almonds,30/06/2023,"$6,635.15",141.0
Gunar Cockshoot,UK,Smooth Sliky Salty,22/03/2023,$860.12,158.0
Camilla Castle,Canada,Orange Choco,17/02/2023,"$8,671.21",52.0
Jehu Rudeforth,UK,85% Dark Bars,07/07/2023,"$5,534.11",63.0
Oby Sorrel,UK,70% Dark Bites,16/03/2023,"$6,800.26",187.0
Kelci Walkden,UK,99% Dark & Pure,12/08/2023,"$3,927.83",123.0
Gigi Bohling,New Zealand,After Nines,21/01/2023,"$5,833.80",196.0
Oby Sorrel,Australia,50% Dark Bites,06/05/2023,$733.08,147.0
Oby Sorrel,Canada,50% Dark Bites,24/06/2023,"$7,164.51",140.0
Barr Faughny,USA,White Choc,05/05/2023,"$7,900.52",175.0
Rafaelita Blaksland,New Zealand,99% Dark & Pure,25/03/2023,"$3,550.76",85.0
Curtice Advani,Australia,Caramel Stuffed Bars,14/02/2023,"$10,281.51",136.0
Curtice Advani,New Zealand,85% Dark Bars,12/05/2023,"$5,936.81",180.0
Barr Faughny,New Zealand,Smooth Sliky Salty,25/01/2023,"$4,552.15",172.0
Ches Bonnell,UK,85% Dark Bars,28/06/2023,"$15,944.86",11.0
Dennison Crosswaite,Australia,Drinking Coco,13/07/2023,"$7,722.58",188.0
Roddy Speechley,USA,Milk Bars,16/05/2023,"$3,105.38",268.0
Jan Morforth,India,After Nines,14/03/2023,"$6,994.35",179.0
Gunar Cockshoot,USA,After Nines,15/08/2023,"$4,264.49",252.0
Ches Bonnell,India,Orange Choco,16/02/2023,"$1,215.30",271.0
Mallorie Waber,UK,Manuka Honey Choco,15/06/2023,"$8,519.37",45.0
Barr Faughny,Australia,Raspberry Choco,27/05/2023,"$9,810.95",105.0
Wilone O'Kielt,USA,Drinking Coco,14/06/2023,"$1,065.63",107.0
Wilone O'Kielt,India,Eclairs,25/02/2023,"$3,894.68",80.0
Wilone O'Kielt,India,After Nines,04/08/2023,"$12,194.27",252.0
Kelci Walkden,India,99% Dark & Pure,28/06/2023,"$2,455.13",236.0
Gunar Cockshoot,Canada,Spicy Special Slims,05/04/2023,"$14,887.76",12.0
Madelene Upcott,Canada,Peanut Butter Cubes,05/07/2023,"$15,276.46",121.0
Kaine Padly,New Zealand,Eclairs,20/01/2023,"$13,520.48",47.0
Ches Bonnell,New Zealand,Drinking Coco,16/02/2023,"$9,195.53",127.0
Curtice Advani,UK,Drinking Coco,12/07/2023,$460.98,182.0
Kelci Walkden,India,Raspberry Choco,16/06/2023,"$8,216.56",257.0
Dotty Strutley,Australia,Choco Coated Almonds,13/04/2023,"$1,863.54",277.0
Kaine Padly,UK,50% Dark Bites,21/02/2023,"$3,283.00",72.0
Roddy Speechley,Canada,Choco Coated Almonds,11/05/2023,"$5,967.18",247.0
Ches Bonnell,India,50% Dark Bites,15/04/2023,"$12,083.50",334.0
Oby Sorrel,Canada,Peanut Butter Cubes,07/06/2023,"$12,397.06",179.0
Oby Sorrel,UK,White Choc,27/06/2023,"$1,746.01",280.0
Barr Faughny,India,After Nines,29/07/2023,"$9,021.65",104.0
Wilone O'Kielt,Canada,Smooth Sliky Salty,02/06/2023,"$5,263.45",165.0
Rafaelita Blaksland,India,Mint Chip Choco,26/01/2023,"$15,473.00",91.0
Rafaelita Blaksland,Canada,99% Dark & Pure,02/03/2023,"$5,566.57",140.0
Van Tuxwell,Australia,70% Dark Bites,10/01/2023,"$8,111.43",111.0
Beverie Moffet,USA,70% Dark Bites,27/06/2023,"$2,341.80",117.0
Barr Faughny,Canada,Orange Choco,30/06/2023,"$8,650.42",19.0
Roddy Speechley,Australia,85% Dark Bars,08/07/2023,"$4,444.72",77.0
Oby Sorrel,India,Spicy Special Slims,08/06/2023,"$12,531.37",86.0
Jan Morforth,UK,Manuka Honey Choco,18/08/2023,"$3,558.89",231.0
Kaine Padly,Australia,After Nines,08/04/2023,"$7,889.90",300.0
Wilone O'Kielt,Canada,Fruit & Nut Bars,08/08/2023,"$3,589.18",176.0
Wilone O'Kielt,UK,Milk Bars,26/08/2023,$305.39,62.0
Oby Sorrel,Canada,Fruit & Nut Bars,14/01/2023,"$1,896.64",161.0
Dennison Crosswaite,USA,Baker's Choco Chips,11/08/2023,"$18,494.72",298.0
Madelene Upcott,USA,Almond Choco,31/05/2023,"$11,103.47",24.0
Van Tuxwell,New Zealand,50% Dark Bites,11/07/2023,"$4,162.28",11.0
Karlen McCaffrey,Canada,Caramel Stuffed Bars,02/03/2023,"$3,357.30",308.0
Madelene Upcott,Australia,Raspberry Choco,13/07/2023,"$7,033.52",94.0
Rafaelita Blaksland,UK,Spicy Special Slims,03/08/2023,"$9,896.80",143.0
Curtice Advani,UK,Peanut Butter Cubes,01/03/2023,"$15,653.44",175.0
Kelci Walkden,New Zealand,White Choc,13/04/2023,"$7,899.31",148.0
Beverie Moffet,Canada,Fruit & Nut Bars,14/02/2023,"$10,644.74",172.0
Mallorie Waber,India,White Choc,26/07/2023,$872.83,224.0
Brien Boise,UK,Drinking Coco,27/01/2023,"$6,337.94",128.0
Jehu Rudeforth,India,Peanut Butter Cubes,14/04/2023,$31.15,451.0
Oby Sorrel,USA,Almond Choco,19/05/2023,"$7,107.55",142.0
Husein Augar,India,Eclairs,09/02/2023,"$5,465.85",56.0
Brien Boise,UK,Spicy Special Slims,25/05/2023,"$2,462.14",60.0
Oby Sorrel,Australia,Manuka Honey Choco,26/01/2023,"$4,194.44",80.0
Beverie Moffet,India,White Choc,04/07/2023,"$1,994.44",299.0
Ches Bonnell,India,Almond Choco,13/04/2023,"$12,124.05",80.0
Gigi Bohling,Australia,Smooth Sliky Salty,25/01/2023,"$5,884.09",117.0
Camilla Castle,USA,85% Dark Bars,25/04/2023,"$2,639.16",80.0
Camilla Castle,USA,Eclairs,10/06/2023,"$5,031.40",401.0
Madelene Upcott,New Zealand,White Choc,22/08/2023,"$11,510.71",56.0
Van Tuxwell,India,After Nines,27/06/2023,"$15,021.98",211.0
Husein Augar,India,Orange Choco,30/06/2023,"$4,517.19",40.0
Jehu Rudeforth,India,Almond Choco,30/08/2023,"$10,778.53",99.0
Karlen McCaffrey,Australia,Raspberry Choco,23/08/2023,"$1,145.72",60.0
Camilla Castle,New Zealand,99% Dark & Pure,26/08/2023,"$2,518.50",45.0
Gigi Bohling,Australia,Orange Choco,09/03/2023,$596.63,158.0
Kelci Walkden,UK,Drinking Coco,20/04/2023,"$1,858.71",24.0
Mallorie Waber,Canada,Caramel Stuffed Bars,10/06/2023,"$5,194.28",473.5
Husein Augar,Australia,Organic Choco Syrup,08/02/2023,$960.69,155.0
Brien Boise,Australia,White Choc,25/08/2023,"$5,347.12",23.0
Dotty Strutley,India,Peanut Butter Cubes,16/02/2023,"$9,805.11",76.0
Dennison Crosswaite,UK,99% Dark & Pure,30/05/2023,"$13,205.42",26.0
Gigi Bohling,New Zealand,50% Dark Bites,29/06/2023,"$5,929.20",65.0
Gigi Bohling,USA,Milk Bars,16/06/2023,$516.92,141.0
Brien Boise,UK,Caramel Stuffed Bars,04/03/2023,"$2,882.76",145.0
Curtice Advani,New Zealand,Peanut Butter Cubes,15/03/2023,"$1,637.72",454.0
Curtice Advani,New Zealand,50% Dark Bites,27/01/2023,"$10,791.46",88.0
Beverie Moffet,Canada,Drinking Coco,05/07/2023,"$1,093.46",115.0
Barr Faughny,USA,Caramel Stuffed Bars,29/03/2023,"$3,407.61",316.0
Mallorie Waber,Canada,Almond Choco,12/05/2023,"$4,753.93",37.0
Oby Sorrel,USA,Drinking Coco,11/03/2023,"$8,280.62",47.0
Brien Boise,New Zealand,Eclairs,11/07/2023,"$4,981.78",299.0
Gunar Cockshoot,New Zealand,Choco Coated Almonds,01/08/2023,"$13,998.33",60.0
Gunar Cockshoot,UK,Spicy Special Slims,16/02/2023,"$13,105.65",199.0
Curtice Advani,USA,After Nines,13/04/2023,"$15,728.81",256.0
Oby Sorrel,India,Choco Coated Almonds,14/02/2023,$53.85,399.0
Ches Bonnell,Australia,Peanut Butter Cubes,14/03/2023,"$10,857.23",73.0
Oby Sorrel,Australia,Spicy Special Slims,26/04/2023,"$12,412.53",25.0
Jehu Rudeforth,Canada,Manuka Honey Choco,05/04/2023,"$3,669.15",209.0
Camilla Castle,Canada,Drinking Coco,03/03/2023,"$13,555.26",279.0
Kaine Padly,USA,Spicy Special Slims,13/06/2023,"$2,333.84",171.0
Marney O'Breen,New Zealand,70% Dark Bites,14/02/2023,"$8,973.05",360.0
Roddy Speechley,New Zealand,99% Dark & Pure,18/04/2023,"$8,610.38",188.0
Oby Sorrel,New Zealand,85% Dark Bars,01/02/2023,"$3,432.30",452.0
Dotty Strutley,New Zealand,Orange Choco,04/08/2023,"$2,283.39",155.0
Andria Kimpton,New Zealand,Almond Choco,05/04/2023,"$7,190.49",165.0
Karlen McCaffrey,Australia,99% Dark & Pure,26/01/2023,"$11,303.07",166.0
Kaine Padly,UK,After Nines,21/01/2023,"$18,911.49",171.0
Kaine Padly,Canada,After Nines,22/08/2023,"$6,233.02",178.0
Kaine Padly,UK,Drinking Coco,27/01/2023,"$2,334.50",233.0
Rafaelita Blaksland,UK,50% Dark Bites,16/02/2023,"$11,099.73",73.0
Dotty Strutley,USA,Raspberry Choco,03/01/2023,"$3,590.55",47.0
Karlen McCaffrey,USA,White Choc,24/08/2023,"$5,209.40",2.0
Oby Sorrel,USA,Spicy Special Slims,07/02/2023,"$6,315.14",398.0
Mallorie Waber,Australia,Smooth Sliky Salty,11/02/2023,"$4,454.71",117.0
Kaine Padly,Canada,Organic Choco Syrup,29/03/2023,"$6,078.71",78.0
Marney O'Breen,USA,Peanut Butter Cubes,15/06/2023,$695.96,363.0
Dennison Crosswaite,UK,Smooth Sliky Salty,26/04/2023,$563.76,151.0
Brien Boise,Australia,Organic Choco Syrup,15/07/2023,"$4,479.69",261.0
Beverie Moffet,India,Organic Choco Syrup,23/06/2023,"$1,093.72",22.0
Dennison Crosswaite,Australia,Baker's Choco Chips,11/01/2023,"$15,870.43",449.0
Beverie Moffet,UK,50% Dark Bites,09/02/2023,"$2,529.82",297.0
Van Tuxwell,UK,Almond Choco,06/06/2023,"$11,258.39",217.0
Dotty Strutley,UK,Caramel Stuffed Bars,10/08/2023,"$6,180.45",230.0
Wilone O'Kielt,Australia,Smooth Sliky Salty,04/01/2023,"$2,496.06",45.0
Andria Kimpton,Canada,70% Dark Bites,08/04/2023,"$10,964.29",16.0
Barr Faughny,UK,Milk Bars,02/03/2023,"$4,012.51",409.0
Van Tuxwell,Canada,Drinking Coco,15/06/2023,"$4,919.25",473.5
Jehu Rudeforth,Australia,After Nines,14/02/2023,"$5,602.02",51.0
Husein Augar,UK,After Nines,05/07/2023,"$3,563.87",372.0
Barr Faughny,India,Mint Chip Choco,12/01/2023,"$8,313.09",473.5
Curtice Advani,India,Mint Chip Choco,03/03/2023,"$8,447.48",96.0
Jehu Rudeforth,New Zealand,Milk Bars,18/05/2023,"$2,646.23",198.0
Gunar Cockshoot,India,Caramel Stuffed Bars,28/07/2023,"$2,706.83",198.0
Curtice Advani,UK,Manuka Honey Choco,07/02/2023,"$1,710.48",108.0
Andria Kimpton,India,Orange Choco,30/05/2023,$318.19,417.0
Mallorie Waber,Australia,Raspberry Choco,25/04/2023,"$9,479.65",26.0
Beverie Moffet,Canada,85% Dark Bars,16/02/2023,"$6,393.20",44.0
Kelci Walkden,Australia,Drinking Coco,04/05/2023,"$1,355.65",60.0
Van Tuxwell,Canada,70% Dark Bites,02/06/2023,"$7,911.23",74.0
Dennison Crosswaite,USA,Caramel Stuffed Bars,11/07/2023,"$2,583.03",473.5
Beverie Moffet,New Zealand,Spicy Special Slims,07/06/2023,$66.13,65.0
Jan Morforth,UK,Almond Choco,06/07/2023,"$10,668.69",150.0
Husein Augar,India,Raspberry Choco,15/06/2023,"$10,994.30",152.0
Dotty Strutley,India,Mint Chip Choco,14/04/2023,"$1,259.61",227.0
Camilla Castle,India,Drinking Coco,08/08/2023,$492.13,164.0
Marney O'Breen,UK,Drinking Coco,29/03/2023,"$1,016.77",28.0
Roddy Speechley,Australia,Organic Choco Syrup,04/07/2023,"$4,111.42",81.0
Ches Bonnell,India,99% Dark & Pure,16/02/2023,$503.97,105.0
Rafaelita Blaksland,Canada,Spicy Special Slims,02/05/2023,"$2,883.71",163.0
Van Tuxwell,India,Eclairs,21/07/2023,"$11,861.89",105.0
Gunar Cockshoot,Australia,99% Dark & Pure,18/08/2023,"$8,564.73",237.0
Kaine Padly,USA,85% Dark Bars,22/06/2023,$538.03,271.0
Camilla Castle,UK,Peanut Butter Cubes,19/07/2023,"$5,231.88",125.0
Madelene Upcott,UK,Peanut Butter Cubes,12/08/2023,"$7,916.13",84.0
Madelene Upcott,USA,Choco Coated Almonds,07/06/2023,"$6,016.32",143.0
Marney O'Breen,Canada,Peanut Butter Cubes,08/03/2023,"$7,504.86",97.0
Ches Bonnell,Australia,Choco Coated Almonds,08/04/2023,"$1,590.98",182.0
Curtice Advani,Canada,Eclairs,06/05/2023,$740.07,205.0
Roddy Speechley,India,Drinking Coco,31/05/2023,"$4,591.11",11.0
Van Tuxwell,Australia,Mint Chip Choco,13/01/2023,"$2,686.51",324.0
Dennison Crosswaite,USA,70% Dark Bites,15/03/2023,$735.48,77.0
Andria Kimpton,Canada,Peanut Butter Cubes,16/02/2023,"$1,160.54",311.0
Gigi Bohling,USA,70% Dark Bites,14/01/2023,"$8,078.15",189.0
Rafaelita Blaksland,Australia,White Choc,21/03/2023,"$7,467.74",111.0
Roddy Speechley,Canada,Drinking Coco,17/05/2023,"$7,588.41",342.0
Camilla Castle,New Zealand,85% Dark Bars,08/08/2023,"$15,372.54",57.0
Madelene Upcott,Canada,Milk Bars,26/04/2023,"$3,907.50",86.0
Madelene Upcott,Australia,70% Dark Bites,15/04/2023,"$3,740.76",255.0
Oby Sorrel,Canada,Eclairs,19/05/2023,"$6,211.75",473.5
Dennison Crosswaite,Canada,Drinking Coco,10/01/2023,"$2,924.46",25.0
Mallorie Waber,New Zealand,After Nines,04/05/2023,$501.79,241.0
Roddy Speechley,Canada,White Choc,05/04/2023,"$6,594.09",270.0
Andria Kimpton,India,After Nines,17/01/2023,$960.68,71.0
Roddy Speechley,India,Spicy Special Slims,22/03/2023,"$11,370.32",170.0
Dotty Strutley,Australia,White Choc,05/07/2023,"$6,067.94",94.0
Oby Sorrel,Canada,Orange Choco,27/04/2023,"$8,909.75",355.0
Kaine Padly,Canada,Almond Choco,12/08/2023,"$6,865.35",75.0
Jan Morforth,UK,Baker's Choco Chips,11/03/2023,$805.23,259.0
Jehu Rudeforth,UK,Fruit & Nut Bars,13/05/2023,"$9,851.62",221.0
Dennison Crosswaite,USA,Smooth Sliky Salty,12/05/2023,"$11,823.35",90.0
Brien Boise,USA,Raspberry Choco,12/01/2023,$683.63,202.0
Madelene Upcott,New Zealand,Milk Bars,29/03/2023,"$14,002.42",388.0
Roddy Speechley,India,50% Dark Bites,14/03/2023,"$8,744.95",12.0
Barr Faughny,New Zealand,99% Dark & Pure,24/05/2023,"$9,294.14",201.0
Dennison Crosswaite,Canada,Organic Choco Syrup,28/01/2023,"$8,831.89",79.0
Beverie Moffet,India,Almond Choco,24/05/2023,"$3,474.98",104.0
Brien Boise,Australia,Peanut Butter Cubes,19/08/2023,$311.61,204.0
Karlen McCaffrey,Australia,Spicy Special Slims,17/05/2023,"$4,791.20",335.0
Jehu Rudeforth,USA,White Choc,07/06/2023,"$6,646.33",117.0
Ches Bonnell,Canada,Organic Choco Syrup,26/07/2023,$593.63,229.0
Dotty Strutley,India,Eclairs,28/07/2023,"$2,345.95",406.0
Karlen McCaffrey,India,70% Dark Bites,23/05/2023,"$5,083.07",368.0
Jehu Rudeforth,UK,Mint Chip Choco,04/01/2024,"$6,339.57",187.0
Van Tuxwell,India,85% Dark Bars,01/08/2024,"$9,005.87",90.0
Gigi Bohling,India,Peanut Butter Cubes,07/07/2024,"$5,159.07",87.0
Jan Morforth,Australia,Peanut Butter Cubes,27/04/2024,"$13,370.97",349.0
Jehu Rudeforth,UK,Peanut Butter Cubes,24/02/2024,"$14,791.64",182.0
Van Tuxwell,India,Smooth Sliky Salty,06/06/2024,"$6,429.35",40.0
Oby Sorrel,UK,99% Dark & Pure,25/01/2024,"$15,900.60",188.0
Gunar Cockshoot,Australia,After Nines,24/03/2024,"$3,400.26",77.0
Jehu Rudeforth,New Zealand,50% Dark Bites,20/04/2024,"$4,357.76",63.0
Brien Boise,Australia,99% Dark & Pure,04/07/2024,"$3,356.17",111.0
Rafaelita Blaksland,UK,Smooth Sliky Salty,13/01/2024,"$5,287.86",67.0
Barr Faughny,USA,Orange Choco,10/03/2024,"$4,244.36",11.0
Mallorie Waber,Canada,Eclairs,13/01/2024,"$1,671.64",277.0
Karlen McCaffrey,New Zealand,Drinking Coco,28/07/2024,$181.84,167.0
Marney O'Breen,New Zealand,Peanut Butter Cubes,03/08/2024,"$8,950.59",189.0
Beverie Moffet,Australia,Organic Choco Syrup,26/01/2024,"$7,271.76",385.0
Van Tuxwell,Canada,Organic Choco Syrup,14/02/2024,"$4,864.83",42.0
Roddy Speechley,USA,Smooth Sliky Salty,05/04/2024,"$3,175.11",149.0
Beverie Moffet,Canada,Milk Bars,16/02/2024,"$10,137.79",250.0
Curtice Advani,UK,85% Dark Bars,08/06/2024,"$1,206.95",174.0
Brien Boise,Australia,Eclairs,27/06/2024,"$8,222.65",92.0
Gunar Cockshoot,USA,Spicy Special Slims,17/02/2024,"$1,440.85",152.0
Marney O'Breen,USA,After Nines,30/05/2024,"$5,611.65",159.0
Husein Augar,UK,Drinking Coco,14/03/2024,"$3,562.44",111.0
Kaine Padly,Australia,Eclairs,28/02/2024,"$8,385.26",122.0
Karlen McCaffrey,India,Fruit & Nut Bars,26/01/2024,$181.31,330.0
Roddy Speechley,Canada,Spicy Special Slims,09/02/2024,"$1,800.27",191.0
Husein Augar,USA,Eclairs,07/07/2024,"$4,449.37",113.0
Dennison Crosswaite,New Zealand,White Choc,05/07/2024,"$10,113.40",155.0
Dennison Crosswaite,New Zealand,Manuka Honey Choco,15/06/2024,"$5,932.84",303.0
Van Tuxwell,New Zealand,85% Dark Bars,24/05/2024,"$2,006.71",124.0
Rafaelita Blaksland,UK,99% Dark & Pure,29/06/2024,"$14,086.69",157.0
Wilone O'Kielt,Australia,Manuka Honey Choco,11/05/2024,"$4,799.54",90.0
Karlen McCaffrey,UK,Almond Choco,30/06/2024,"$8,101.98",138.0
Andria Kimpton,Canada,After Nines,11/05/2024,"$2,321.97",71.0
Roddy Speechley,USA,Manuka Honey Choco,22/07/2024,"$10,245.00",329.0
Andria Kimpton,UK,50% Dark Bites,24/08/2024,"$2,930.40",344.0
Kelci Walkden,New Zealand,After Nines,07/07/2024,$170.24,75.0
Camilla Castle,Australia,85% Dark Bars,19/05/2024,"$4,247.49",14.0
Karlen McCaffrey,India,Manuka Honey Choco,04/07/2024,"$2,696.10",473.5
Kelci Walkden,USA,After Nines,02/06/2024,"$1,083.76",16.0
Karlen McCaffrey,USA,Raspberry Choco,15/04/2024,"$17,037.09",347.0
Mallorie Waber,Canada,Choco Coated Almonds,11/07/2024,"$5,706.43",247.0
Andria Kimpton,India,Spicy Special Slims,23/02/2024,"$6,682.34",139.0
Madelene Upcott,Canada,Almond Choco,22/08/2024,"$8,192.60",100.0
Kaine Padly,USA,Peanut Butter Cubes,16/02/2024,"$7,568.16",206.0
Van Tuxwell,USA,50% Dark Bites,13/01/2024,"$10,772.33",156.0
Curtice Advani,Australia,Milk Bars,14/02/2024,"$7,467.12",18.0
Roddy Speechley,India,Eclairs,10/06/2024,"$4,985.90",311.0
Curtice Advani,India,Fruit & Nut Bars,07/07/2024,"$5,693.60",177.0
Curtice Advani,Canada,Almond Choco,24/03/2024,"$5,879.10",75.0
Brien Boise,Australia,Fruit & Nut Bars,06/06/2024,"$9,771.93",22.0
Dotty Strutley,Australia,Drinking Coco,19/07/2024,$105.06,140.0
Beverie Moffet,USA,Raspberry Choco,19/04/2024,"$16,414.69",80.0
Marney O'Breen,India,85% Dark Bars,19/07/2024,"$2,553.41",183.0
Jehu Rudeforth,Canada,Drinking Coco,15/07/2024,$473.99,25.0
Ches Bonnell,New Zealand,Spicy Special Slims,14/02/2024,"$3,873.98",19.0
Brien Boise,Canada,99% Dark & Pure,18/05/2024,"$17,718.25",430.0
Barr Faughny,Australia,Fruit & Nut Bars,30/06/2024,"$16,572.07",57.0
Andria Kimpton,Australia,50% Dark Bites,02/06/2024,"$5,220.19",216.0
Andria Kimpton,Australia,Drinking Coco,28/06/2024,"$1,797.26",49.0
Marney O'Breen,Australia,Organic Choco Syrup,16/05/2024,$295.62,182.0
Kelci Walkden,Canada,Baker's Choco Chips,26/05/2024,"$3,597.37",288.0
Karlen McCaffrey,India,Almond Choco,06/07/2024,"$6,580.43",147.0
Oby Sorrel,India,99% Dark & Pure,27/05/2024,"$12,232.97",11.0
Wilone O'Kielt,Australia,Caramel Stuffed Bars,14/04/2024,"$2,243.44",11.0
Van Tuxwell,Australia,Organic Choco Syrup,10/08/2024,"$22,943.37",14.0
Camilla Castle,India,50% Dark Bites,04/07/2024,"$10,590.61",430.0
Oby Sorrel,India,Organic Choco Syrup,08/07/2024,"$6,468.82",59.0
Jan Morforth,USA,Peanut Butter Cubes,22/07/2024,"$10,463.57",109.0
Gigi Bohling,USA,Choco Coated Almonds,02/03/2024,"$14,154.35",105.0
Gigi Bohling,UK,Almond Choco,10/01/2024,"$6,031.14",9.0
Jehu Rudeforth,New Zealand,White Choc,11/03/2024,"$3,308.40",258.0
Andria Kimpton,New Zealand,Peanut Butter Cubes,20/06/2024,"$1,119.94",283.0
Van Tuxwell,UK,Organic Choco Syrup,26/08/2024,"$2,303.39",222.0
Roddy Speechley,Canada,Milk Bars,13/07/2024,$723.37,33.0
Camilla Castle,USA,Spicy Special Slims,11/02/2024,"$1,413.64",261.0
Marney O'Breen,USA,Orange Choco,27/01/2024,"$9,001.89",193.0
Van Tuxwell,UK,99% Dark & Pure,31/01/2024,"$5,283.91",136.0
Camilla Castle,USA,White Choc,18/08/2024,"$10,958.51",23.0
Andria Kimpton,USA,Raspberry Choco,30/06/2024,"$15,531.78",22.0
Dotty Strutley,Australia,Fruit & Nut Bars,23/08/2024,$317.36,337.0
Brien Boise,New Zealand,Mint Chip Choco,01/08/2024,$71.41,188.0
Roddy Speechley,New Zealand,After Nines,25/05/2024,"$9,317.33",11.0
Roddy Speechley,Canada,Organic Choco Syrup,10/01/2024,"$4,790.71",86.0
Dennison Crosswaite,Australia,70% Dark Bites,07/02/2024,"$6,166.80",114.0
Karlen McCaffrey,USA,Orange Choco,12/05/2024,"$11,741.46",433.0
Madelene Upcott,Australia,Spicy Special Slims,07/03/2024,"$8,519.77",443.0
Dennison Crosswaite,Australia,85% Dark Bars,05/04/2024,"$8,278.86",453.0
Andria Kimpton,Canada,Caramel Stuffed Bars,03/01/2024,"$7,560.62",336.0
Dennison Crosswaite,UK,Eclairs,24/03/2024,"$6,702.11",285.0
Madelene Upcott,India,Raspberry Choco,07/07/2024,"$4,758.69",10.0
Van Tuxwell,USA,After Nines,26/07/2024,$709.25,263.0
Wilone O'Kielt,Australia,Organic Choco Syrup,07/07/2024,"$2,003.05",110.0
Karlen McCaffrey,Canada,50% Dark Bites,15/07/2024,"$3,248.00",64.0
Roddy Speechley,New Zealand,Orange Choco,01/04/2024,$51.98,95.0
Beverie Moffet,Australia,Eclairs,20/06/2024,"$2,134.65",6.0
Kelci Walkden,UK,Fruit & Nut Bars,29/06/2024,"$15,540.41",473.5
Marney O'Breen,USA,50% Dark Bites,15/06/2024,"$1,117.77",114.0
Husein Augar,USA,After Nines,08/04/2024,"$13,999.05",179.0
Dennison Crosswaite,Australia,Raspberry Choco,14/03/2024,"$6,265.59",31.0
Andria Kimpton,USA,Fruit & Nut Bars,15/07/2024,"$1,536.82",386.0
Kelci Walkden,India,Eclairs,19/04/2024,"$6,069.93",80.0
Marney O'Breen,USA,99% Dark & Pure,28/03/2024,"$4,861.33",286.0
Brien Boise,Canada,Spicy Special Slims,04/03/2024,"$8,993.24",97.0
Karlen McCaffrey,New Zealand,70% Dark Bites,02/08/2024,$150.42,40.0
Husein Augar,UK,Spicy Special Slims,25/08/2024,"$5,593.68",41.0
Marney O'Breen,USA,Almond Choco,25/02/2024,"$9,376.61",167.0
Kelci Walkden,India,Orange Choco,07/06/2024,"$11,315.16",134.0
Jan Morforth,India,Spicy Special Slims,12/04/2024,"$2,048.34",473.5
Ches Bonnell,India,Spicy Special Slims,06/07/2024,"$12,562.81",101.0
Kelci Walkden,UK,Smooth Sliky Salty,19/01/2024,"$6,883.75",182.0
Madelene Upcott,Australia,Fruit & Nut Bars,05/01/2024,"$6,105.60",90.0
Madelene Upcott,Canada,70% Dark Bites,24/01/2024,"$12,634.72",145.0
Wilone O'Kielt,Australia,Drinking Coco,06/04/2024,$663.74,285.0
Gunar Cockshoot,Australia,Fruit & Nut Bars,15/06/2024,"$7,044.68",21.0
Gigi Bohling,Canada,Baker's Choco Chips,28/01/2024,"$1,804.90",47.0
Kelci Walkden,India,Caramel Stuffed Bars,16/03/2024,$513.43,131.0
Rafaelita Blaksland,Australia,Drinking Coco,21/02/2024,"$13,699.76",389.0
Kelci Walkden,USA,Manuka Honey Choco,16/02/2024,"$19,995.68",94.0
Jehu Rudeforth,Canada,Spicy Special Slims,13/01/2024,"$2,189.70",29.0
Kelci Walkden,Australia,Eclairs,23/03/2024,"$8,727.09",473.5
Curtice Advani,Canada,Spicy Special Slims,16/06/2024,$911.46,126.0
Oby Sorrel,India,Raspberry Choco,14/04/2024,"$7,620.86",46.0
Kelci Walkden,UK,Eclairs,25/01/2024,"$5,054.56",60.0
Jan Morforth,India,Almond Choco,11/03/2024,"$5,230.50",23.0
Dotty Strutley,UK,Almond Choco,28/07/2024,"$17,104.04",103.0
Marney O'Breen,New Zealand,After Nines,09/03/2024,"$1,642.32",43.0
Husein Augar,Australia,Orange Choco,28/06/2024,"$10,322.19",182.0
Marney O'Breen,Australia,Milk Bars,28/07/2024,"$2,715.92",423.0
Kelci Walkden,Canada,99% Dark & Pure,15/08/2024,"$5,598.05",51.0
Kaine Padly,Australia,Manuka Honey Choco,12/01/2024,"$2,996.99",280.0
Beverie Moffet,New Zealand,White Choc,24/03/2024,"$7,946.49",7.0
Van Tuxwell,UK,Milk Bars,25/07/2024,"$4,991.22",92.0
Oby Sorrel,Canada,99% Dark & Pure,01/08/2024,"$4,151.70",424.0
Van Tuxwell,India,Organic Choco Syrup,16/05/2024,"$22,701.85",168.0
Roddy Speechley,India,Smooth Sliky Salty,10/08/2024,"$6,014.30",141.0
Jan Morforth,India,Eclairs,05/01/2024,"$2,788.60",27.0
Ches Bonnell,UK,Smooth Sliky Salty,11/07/2024,"$6,503.75",116.0
Wilone O'Kielt,USA,After Nines,25/04/2024,$433.92,31.0
Gigi Bohling,New Zealand,Fruit & Nut Bars,04/04/2024,"$12,314.13",129.0
Barr Faughny,USA,Raspberry Choco,12/04/2024,"$9,876.86",106.0
Wilone O'Kielt,New Zealand,85% Dark Bars,02/08/2024,"$2,043.06",121.0
Gigi Bohling,New Zealand,Manuka Honey Choco,28/06/2024,"$8,728.80",272.0
Ches Bonnell,Australia,Eclairs,05/07/2024,"$4,906.57",128.0
Rafaelita Blaksland,New Zealand,Choco Coated Almonds,07/06/2024,"$2,278.06",49.0
Brien Boise,New Zealand,Smooth Sliky Salty,18/01/2024,"$1,108.18",27.0
Brien Boise,Australia,Baker's Choco Chips,04/01/2024,"$14,957.65",206.0
Dennison Crosswaite,Australia,99% Dark & Pure,31/01/2024,"$3,020.67",19.0
Kelci Walkden,India,Almond Choco,14/03/2024,"$3,677.47",152.0
Camilla Castle,Australia,70% Dark Bites,29/04/2024,"$6,999.62",473.5
Oby Sorrel,India,Smooth Sliky Salty,07/02/2024,"$10,901.65",116.0
Kaine Padly,UK,Organic Choco Syrup,31/03/2024,"$2,586.62",172.0
Marney O'Breen,India,Caramel Stuffed Bars,16/03/2024,"$5,077.50",81.0
Karlen McCaffrey,UK,Eclairs,25/01/2024,"$8,360.11",203.0
Van Tuxwell,India,Baker's Choco Chips,20/06/2024,"$3,566.77",426.0
Gigi Bohling,UK,After Nines,29/03/2024,"$9,186.69",173.0
Curtice Advani,Australia,Orange Choco,12/07/2024,$917.35,140.0
Jehu Rudeforth,Canada,Smooth Sliky Salty,11/07/2024,"$6,199.12",132.0
Karlen McCaffrey,Canada,Smooth Sliky Salty,19/01/2024,"$3,368.63",180.0
Andria Kimpton,USA,85% Dark Bars,05/04/2024,"$10,527.23",82.0
Jehu Rudeforth,Canada,Milk Bars,21/02/2024,"$7,927.57",12.0
Rafaelita Blaksland,New Zealand,Caramel Stuffed Bars,20/05/2024,"$14,493.50",15.0
Mallorie Waber,Australia,Milk Bars,29/07/2024,"$3,112.20",107.0
Barr Faughny,USA,Fruit & Nut Bars,28/01/2024,"$9,617.64",44.0
Marney O'Breen,UK,Caramel Stuffed Bars,19/07/2024,"$4,198.08",107.0
Mallorie Waber,New Zealand,Manuka Honey Choco,13/04/2024,"$10,927.22",11.0
Roddy Speechley,India,Peanut Butter Cubes,11/02/2024,"$10,759.18",20.0
Roddy Speechley,New Zealand,Milk Bars,02/03/2024,"$6,250.42",111.0
Ches Bonnell,Australia,White Choc,02/03/2024,"$1,103.54",195.0
Van Tuxwell,USA,99% Dark & Pure,28/07/2024,"$13,435.98",6.0
Kelci Walkden,India,After Nines,07/01/2024,"$1,855.03",473.5
Brien Boise,UK,White Choc,12/04/2024,"$5,799.09",169.0
Van Tuxwell,Canada,Almond Choco,27/06/2024,"$3,631.78",71.0
Jehu Rudeforth,Australia,50% Dark Bites,14/01/2024,"$5,461.43",456.0
Karlen McCaffrey,UK,Baker's Choco Chips,07/02/2024,"$5,315.95",389.0
Jehu Rudeforth,Australia,Orange Choco,23/03/2024,"$16,059.94",28.0
Marney O'Breen,India,Peanut Butter Cubes,10/01/2024,"$7,803.84",157.0
Oby Sorrel,UK,Choco Coated Almonds,17/03/2024,"$10,751.19",44.0
Gigi Bohling,USA,Spicy Special Slims,21/01/2024,"$12,156.54",54.0
Barr Faughny,Australia,White Choc,04/07/2024,"$9,402.26",401.0
Kaine Padly,Canada,Peanut Butter Cubes,04/07/2024,"$3,653.39",185.0
Dotty Strutley,USA,Manuka Honey Choco,10/08/2024,$320.11,201.0
Dennison Crosswaite,Australia,50% Dark Bites,01/04/2024,"$7,618.91",12.0
Gigi Bohling,India,Raspberry Choco,22/02/2024,"$2,843.90",158.0
Camilla Castle,UK,White Choc,03/01/2024,"$11,946.40",192.0
Karlen McCaffrey,India,Drinking Coco,31/05/2024,"$5,055.05",241.0
Dotty Strutley,UK,99% Dark & Pure,03/01/2024,"$10,378.36",301.0
Husein Augar,New Zealand,Caramel Stuffed Bars,27/01/2024,$595.16,461.0
Barr Faughny,UK,50% Dark Bites,28/01/2024,$639.95,71.0
Curtice Advani,Australia,Organic Choco Syrup,28/06/2024,"$3,717.35",322.0
Husein Augar,UK,Choco Coated Almonds,02/03/2024,"$5,057.10",41.0
Wilone O'Kielt,Australia,After Nines,27/05/2024,"$3,729.83",27.0
Dennison Crosswaite,USA,Almond Choco,30/06/2024,"$13,786.87",85.0
Barr Faughny,Canada,Peanut Butter Cubes,07/06/2024,"$2,206.28",79.0
Kaine Padly,USA,70% Dark Bites,12/05/2024,"$4,672.25",103.0
Barr Faughny,New Zealand,Raspberry Choco,29/07/2024,"$7,667.99",69.0
Dennison Crosswaite,UK,White Choc,03/08/2024,"$8,338.51",270.0
Barr Faughny,India,Baker's Choco Chips,18/08/2024,"$7,548.62",153.0
Van Tuxwell,New Zealand,Smooth Sliky Salty,14/06/2024,"$3,608.83",46.0
Beverie Moffet,UK,White Choc,30/06/2024,"$7,108.96",80.0
Camilla Castle,New Zealand,Mint Chip Choco,13/06/2024,"$1,293.02",201.0
Ches Bonnell,UK,Orange Choco,27/04/2024,"$15,365.78",57.0
Jan Morforth,Australia,White Choc,27/07/2024,"$3,766.49",33.0
Mallorie Waber,Canada,85% Dark Bars,20/04/2024,"$1,664.68",465.0
Rafaelita Blaksland,India,Spicy Special Slims,04/01/2024,"$8,972.79",134.0
Ches Bonnell,Australia,Mint Chip Choco,21/02/2024,"$10,576.55",96.0
Karlen McCaffrey,Australia,White Choc,05/01/2024,"$8,857.15",50.0
Beverie Moffet,India,Drinking Coco,15/07/2024,"$6,756.17",45.0
Brien Boise,Australia,Choco Coated Almonds,25/05/2024,"$5,532.85",63.0
Karlen McCaffrey,Canada,Eclairs,20/04/2024,"$3,713.66",352.0
Gigi Bohling,USA,99% Dark & Pure,02/06/2024,$906.85,246.0
Marney O'Breen,UK,Smooth Sliky Salty,13/05/2024,"$22,558.88",84.0
Beverie Moffet,New Zealand,Baker's Choco Chips,03/08/2024,"$1,517.05",147.0
Beverie Moffet,Australia,Milk Bars,25/05/2024,$770.45,389.0
Van Tuxwell,UK,Raspberry Choco,16/03/2024,"$7,623.35",80.0
Jan Morforth,Australia,Orange Choco,04/07/2024,"$3,418.05",117.0
Jehu Rudeforth,India,50% Dark Bites,05/07/2024,"$4,055.71",137.0
Madelene Upcott,USA,After Nines,15/03/2024,"$5,432.84",450.0
Barr Faughny,UK,Raspberry Choco,22/08/2024,"$6,016.80",71.0
Ches Bonnell,Australia,70% Dark Bites,12/01/2024,"$3,609.76",122.0
Marney O'Breen,UK,Baker's Choco Chips,10/06/2024,$302.25,154.0
Kaine Padly,Australia,Peanut Butter Cubes,25/03/2024,"$6,062.87",290.0
Rafaelita Blaksland,India,Almond Choco,27/07/2024,"$3,589.91",106.0
Husein Augar,UK,Caramel Stuffed Bars,15/04/2024,"$16,457.28",442.0
Roddy Speechley,India,Orange Choco,27/06/2024,"$4,813.53",19.0
Jehu Rudeforth,UK,70% Dark Bites,14/04/2024,"$5,819.17",270.0
Husein Augar,Australia,Manuka Honey Choco,15/03/2024,"$7,824.91",100.0
Madelene Upcott,USA,Eclairs,18/03/2024,"$9,446.67",193.0
Brien Boise,India,Eclairs,29/04/2024,"$1,447.58",67.0
Mallorie Waber,New Zealand,White Choc,25/02/2024,"$3,356.27",238.0
Husein Augar,USA,Milk Bars,02/03/2024,"$1,031.25",55.0
Van Tuxwell,Australia,Milk Bars,20/06/2024,"$9,471.51",95.0
Beverie Moffet,Canada,White Choc,15/07/2024,"$10,573.29",179.0
Dotty Strutley,Australia,50% Dark Bites,12/05/2024,"$3,321.90",247.0
Mallorie Waber,New Zealand,Organic Choco Syrup,01/07/2024,"$5,318.00",281.0
Husein Augar,USA,85% Dark Bars,08/08/2024,$415.67,59.0
Madelene Upcott,Australia,50% Dark Bites,25/07/2024,"$8,295.88",6.0
Wilone O'Kielt,UK,Drinking Coco,18/05/2024,"$3,857.25",54.0
Camilla Castle,India,Peanut Butter Cubes,15/07/2024,"$14,102.83",291.0
Curtice Advani,India,70% Dark Bites,05/07/2024,"$2,453.44",43.0
Mallorie Waber,USA,Manuka Honey Choco,04/07/2024,"$5,910.67",100.0
Dotty Strutley,UK,70% Dark Bites,20/06/2024,"$1,515.42",230.0
Gunar Cockshoot,Australia,Almond Choco,25/01/2024,"$4,498.05",464.0
Kaine Padly,New Zealand,Spicy Special Slims,01/07/2024,"$8,755.31",38.0
Gigi Bohling,USA,50% Dark Bites,13/04/2024,"$2,651.48",60.0
Beverie Moffet,UK,Smooth Sliky Salty,04/05/2024,"$5,119.35",77.0
Beverie Moffet,Australia,Baker's Choco Chips,04/08/2024,"$3,360.74",119.0
Beverie Moffet,India,70% Dark Bites,01/06/2024,$495.65,146.0
Jehu Rudeforth,UK,Choco Coated Almonds,22/04/2024,"$5,108.85",187.0
Kaine Padly,USA,50% Dark Bites,03/08/2024,$77.10,26.0
Ches Bonnell,USA,Orange Choco,10/06/2024,"$1,860.29",71.0
Gunar Cockshoot,UK,Manuka Honey Choco,27/06/2024,"$7,917.76",50.0
Marney O'Breen,Australia,Smooth Sliky Salty,03/01/2024,"$4,059.92",179.0
Marney O'Breen,India,After Nines,11/07/2024,"$2,816.85",188.0
Ches Bonnell,New Zealand,Milk Bars,17/08/2024,"$5,306.48",128.0
Rafaelita Blaksland,USA,Fruit & Nut Bars,18/01/2024,"$2,756.63",66.0
Ches Bonnell,India,Organic Choco Syrup,08/03/2024,"$17,903.70",107.0
Mallorie Waber,Australia,Orange Choco,07/03/2024,"$15,825.08",284.0
Husein Augar,India,70% Dark Bites,09/05/2024,"$7,745.33",164.0
Barr Faughny,New Zealand,85% Dark Bars,23/05/2024,"$2,214.91",161.0
Madelene Upcott,UK,Caramel Stuffed Bars,15/04/2024,$190.24,156.0
Gigi Bohling,Australia,Drinking Coco,27/07/2024,"$2,960.00",141.0
Marney O'Breen,Canada,Choco Coated Almonds,22/08/2024,"$2,937.62",389.0
Ches Bonnell,USA,70% Dark Bites,11/05/2024,"$4,778.36",124.0
Madelene Upcott,India,Organic Choco Syrup,26/01/2024,"$5,401.01",41.0
Barr Faughny,USA,50% Dark Bites,14/04/2024,"$15,372.94",124.0
Dennison Crosswaite,New Zealand,Mint Chip Choco,05/04/2024,"$7,121.02",433.0
Marney O'Breen,New Zealand,Smooth Sliky Salty,14/06/2024,"$9,057.64",56.0
Brien Boise,Canada,Almond Choco,13/04/2024,"$5,439.43",125.0
Beverie Moffet,Australia,White Choc,27/06/2024,"$2,659.78",178.0
Dotty Strutley,Australia,Eclairs,26/01/2024,"$7,897.59",3.0
Barr Faughny,UK,White Choc,05/07/2024,"$1,959.22",70.0
Beverie Moffet,Canada,Baker's Choco Chips,11/01/2024,"$15,305.32",91.0
Kelci Walkden,USA,White Choc,07/03/2024,"$11,257.11",21.0
Kaine Padly,Canada,50% Dark Bites,04/03/2024,"$9,207.09",109.0
Karlen McCaffrey,Canada,Organic Choco Syrup,15/07/2024,"$2,769.94",302.0
Kaine Padly,UK,Peanut Butter Cubes,11/05/2024,"$7,477.56",85.0
Karlen McCaffrey,USA,Milk Bars,27/01/2024,"$5,231.54",8.0
Karlen McCaffrey,India,Orange Choco,27/06/2024,"$3,745.21",161.0
Ches Bonnell,India,Smooth Sliky Salty,03/08/2024,"$8,503.93",19.0
Wilone O'Kielt,New Zealand,Mint Chip Choco,19/08/2024,"$12,524.30",251.0
Wilone O'Kielt,Australia,Fruit & Nut Bars,15/06/2024,$472.27,101.0
Dennison Crosswaite,UK,Peanut Butter Cubes,07/02/2024,"$9,771.87",158.0
Karlen McCaffrey,Australia,Almond Choco,08/07/2024,"$8,130.06",140.0
Dennison Crosswaite,India,Milk Bars,21/04/2024,"$1,624.06",96.0
Ches Bonnell,UK,Mint Chip Choco,08/04/2024,"$2,984.40",214.0
Husein Augar,Australia,50% Dark Bites,19/08/2024,"$15,593.50",56.0
Jan Morforth,India,Fruit & Nut Bars,04/05/2024,"$3,387.76",60.0
Mallorie Waber,USA,85% Dark Bars,11/05/2024,"$2,847.18",115.0
Mallorie Waber,USA,Eclairs,22/03/2024,"$7,511.77",49.0
Dennison Crosswaite,Canada,Spicy Special Slims,10/08/2024,"$2,711.58",216.0
Dennison Crosswaite,USA,Fruit & Nut Bars,04/05/2024,"$1,673.44",314.0
Kelci Walkden,USA,99% Dark & Pure,18/08/2024,"$8,853.16",261.0
Dotty Strutley,Canada,Raspberry Choco,03/08/2024,"$4,722.39",258.0
Marney O'Breen,New Zealand,Milk Bars,14/01/2024,"$8,408.12",318.0
Madelene Upcott,Australia,Choco Coated Almonds,08/04/2024,"$2,442.36",78.0
Kelci Walkden,UK,Orange Choco,01/08/2024,"$4,010.08",3.0
Dennison Crosswaite,Canada,Eclairs,15/03/2024,$492.21,45.0
Karlen McCaffrey,India,Mint Chip Choco,15/07/2024,"$11,650.88",192.0
Barr Faughny,New Zealand,Almond Choco,13/01/2024,"$6,426.04",132.0
Mallorie Waber,Australia,85% Dark Bars,26/08/2024,"$2,665.28",54.0
Ches Bonnell,Canada,Eclairs,10/01/2024,"$2,048.58",170.0
Gigi Bohling,Australia,White Choc,11/05/2024,"$6,267.19",83.0
Beverie Moffet,New Zealand,85% Dark Bars,30/08/2024,"$12,886.26",21.0
Kaine Padly,USA,Caramel Stuffed Bars,21/07/2024,"$6,143.64",117.0
Mallorie Waber,Australia,Almond Choco,01/08/2024,"$8,273.83",130.0
Brien Boise,Canada,85% Dark Bars,17/02/2024,"$12,163.59",264.0
Brien Boise,Australia,Drinking Coco,27/07/2024,"$7,192.41",159.0
Dotty Strutley,USA,Orange Choco,23/02/2024,"$1,452.94",112.0
Rafaelita Blaksland,Australia,50% Dark Bites,22/03/2024,"$3,375.83",41.0
Dennison Crosswaite,India,99% Dark & Pure,23/06/2024,"$8,328.80",327.0
Curtice Advani,UK,White Choc,01/02/2024,"$1,634.54",70.0
Kelci Walkden,Australia,After Nines,02/03/2024,"$8,265.41",298.0
Gigi Bohling,UK,Fruit & Nut Bars,06/04/2024,"$1,448.10",92.0
Gunar Cockshoot,Australia,Raspberry Choco,17/03/2024,$709.53,77.0
Curtice Advani,UK,Fruit & Nut Bars,24/06/2024,"$12,197.19",135.0
Barr Faughny,Canada,50% Dark Bites,19/07/2024,"$10,917.59",302.0
Curtice Advani,USA,Spicy Special Slims,11/07/2024,"$1,679.89",287.0
Brien Boise,India,Almond Choco,13/01/2024,"$2,303.17",225.0
Oby Sorrel,New Zealand,Smooth Sliky Salty,07/07/2024,"$9,261.26",65.0
Jan Morforth,India,85% Dark Bars,25/05/2024,"$5,252.80",415.0
Marney O'Breen,India,Fruit & Nut Bars,13/04/2024,"$5,385.55",161.0
Andria Kimpton,New Zealand,50% Dark Bites,02/03/2024,"$3,741.19",222.0
Gunar Cockshoot,Canada,Raspberry Choco,23/06/2024,"$2,223.49",127.0
Kelci Walkden,USA,Drinking Coco,26/07/2024,"$7,720.37",156.0
Van Tuxwell,Canada,White Choc,22/03/2024,$468.09,3.0
Rafaelita Blaksland,USA,Baker's Choco Chips,09/06/2024,"$3,083.39",55.0
Van Tuxwell,Australia,Caramel Stuffed Bars,17/05/2024,"$6,898.94",58.0
Ches Bonnell,New Zealand,Peanut Butter Cubes,04/03/2024,"$1,036.05",291.0
Kelci Walkden,Canada,Milk Bars,07/07/2024,"$17,518.04",28.0
Dennison Crosswaite,Canada,Choco Coated Almonds,13/01/2024,"$11,691.86",128.0
Curtice Advani,Australia,Almond Choco,13/07/2024,"$3,136.53",74.0
Madelene Upcott,Australia,85% Dark Bars,16/06/2024,"$1,677.71",325.0
Gigi Bohling,UK,50% Dark Bites,18/07/2024,"$8,937.37",66.0
Ches Bonnell,UK,Manuka Honey Choco,30/05/2024,"$4,761.38",406.0
Gigi Bohling,UK,70% Dark Bites,21/06/2024,$942.02,84.0
Jehu Rudeforth,Australia,Peanut Butter Cubes,24/06/2024,"$6,623.03",39.0
Marney O'Breen,India,Eclairs,13/01/2024,"$4,067.36",94.0
Curtice Advani,Canada,Fruit & Nut Bars,04/04/2024,"$4,712.55",211.0
Kaine Padly,UK,Smooth Sliky Salty,08/06/2024,"$9,571.30",473.5
Karlen McCaffrey,Canada,Spicy Special Slims,02/08/2024,"$6,779.99",46.0
Kelci Walkden,USA,Organic Choco Syrup,21/07/2024,"$10,772.46",150.0
Curtice Advani,India,Spicy Special Slims,20/06/2024,$189.34,140.0
Roddy Speechley,India,After Nines,22/06/2024,"$3,015.47",115.0
Camilla Castle,Australia,Caramel Stuffed Bars,02/05/2024,"$3,538.27",16.0
Curtice Advani,Australia,99% Dark & Pure,07/01/2024,"$5,196.97",87.0
Mallorie Waber,UK,50% Dark Bites,21/02/2024,"$6,654.14",102.0
Ches Bonnell,Canada,Baker's Choco Chips,21/03/2024,"$8,639.19",402.0
Van Tuxwell,UK,Drinking Coco,04/04/2024,"$6,397.05",136.0
Gunar Cockshoot,Canada,Fruit & Nut Bars,24/03/2024,"$14,596.37",196.0
Gunar Cockshoot,New Zealand,Spicy Special Slims,28/06/2024,"$7,712.91",192.0
Gunar Cockshoot,Australia,Drinking Coco,14/01/2024,"$2,456.77",188.0
Karlen McCaffrey,New Zealand,Fruit & Nut Bars,07/02/2024,"$1,435.27",138.0
Dennison Crosswaite,New Zealand,Drinking Coco,11/01/2024,"$4,324.48",202.0
Jehu Rudeforth,India,99% Dark & Pure,25/02/2024,"$2,207.76",247.0
Dotty Strutley,Australia,Mint Chip Choco,01/08/2024,"$7,571.51",26.0
Roddy Speechley,Australia,Mint Chip Choco,05/05/2024,"$7,189.76",262.0
Madelene Upcott,New Zealand,Raspberry Choco,18/05/2024,"$10,858.21",451.0
Dotty Strutley,New Zealand,Choco Coated Almonds,04/01/2024,"$6,524.65",369.0
Roddy Speechley,New Zealand,50% Dark Bites,09/05/2024,"$4,624.45",212.0
Rafaelita Blaksland,India,Smooth Sliky Salty,06/05/2024,"$1,961.82",80.0
Husein Augar,UK,White Choc,13/01/2024,"$12,782.63",158.0
Roddy Speechley,Australia,Almond Choco,24/06/2024,"$4,928.30",71.0
Van Tuxwell,USA,Caramel Stuffed Bars,14/02/2024,"$1,115.84",22.0
Camilla Castle,Australia,99% Dark & Pure,18/01/2024,"$5,346.62",109.0
Kaine Padly,India,Milk Bars,02/05/2024,"$3,168.11",93.0
Ches Bonnell,Australia,Smooth Sliky Salty,16/05/2024,"$9,007.92",52.0
Mallorie Waber,USA,Almond Choco,28/01/2024,"$7,400.07",383.0
Kaine Padly,Canada,99% Dark & Pure,24/06/2024,"$1,420.22",422.0
Oby Sorrel,UK,After Nines,18/07/2024,"$2,555.95",109.0
Gunar Cockshoot,UK,Eclairs,13/04/2024,"$4,059.65",175.0
Dotty Strutley,USA,Caramel Stuffed Bars,15/04/2024,"$18,581.37",83.0
Jan Morforth,India,Peanut Butter Cubes,04/01/2024,"$8,813.58",182.0
Husein Augar,Australia,Eclairs,04/07/2024,"$7,914.74",31.0
Beverie Moffet,USA,Smooth Sliky Salty,24/03/2024,"$2,787.72",342.0
Camilla Castle,Australia,Manuka Honey Choco,17/03/2024,$681.71,170.0
Oby Sorrel,Australia,Almond Choco,15/02/2024,"$6,827.53",241.0
Jan Morforth,USA,Orange Choco,29/06/2024,"$1,082.00",158.0
Gigi Bohling,USA,Fruit & Nut Bars,24/05/2024,"$2,966.98",121.0
Mallorie Waber,UK,Milk Bars,10/01/2024,"$3,951.74",287.0
Curtice Advani,USA,Raspberry Choco,15/03/2024,"$3,151.23",144.0
Marney O'Breen,Canada,Milk Bars,08/02/2024,"$2,672.67",317.0
Brien Boise,India,Caramel Stuffed Bars,25/02/2024,"$1,742.37",106.0
Gunar Cockshoot,USA,Eclairs,03/05/2024,"$7,301.31",42.0
Roddy Speechley,USA,Fruit & Nut Bars,14/06/2024,"$6,322.14",26.0
Gunar Cockshoot,India,50% Dark Bites,09/08/2024,"$13,731.44",82.0
Wilone O'Kielt,New Zealand,Manuka Honey Choco,11/07/2024,"$4,051.88",253.0
Kaine Padly,UK,Manuka Honey Choco,14/01/2024,"$8,474.69",115.0
Van Tuxwell,Canada,Manuka Honey Choco,24/02/2024,"$9,426.56",49.0
Wilone O'Kielt,New Zealand,Almond Choco,15/03/2024,"$9,770.28",154.0
Oby Sorrel,New Zealand,Baker's Choco Chips,25/04/2024,"$14,234.61",45.0
Dennison Crosswaite,Australia,Organic Choco Syrup,10/05/2024,"$6,885.01",40.0
Marney O'Breen,Australia,Spicy Special Slims,23/06/2024,"$14,687.62",293.0
Beverie Moffet,Canada,Smooth Sliky Salty,28/02/2024,"$16,585.43",388.0
Brien Boise,USA,Organic Choco Syrup,25/05/2024,"$17,415.67",148.0
Roddy Speechley,New Zealand,Baker's Choco Chips,22/02/2024,"$5,954.47",236.0
Van Tuxwell,UK,85% Dark Bars,11/07/2024,"$4,179.91",140.0
Marney O'Breen,Canada,Spicy Special Slims,03/01/2024,"$3,939.95",365.0
Rafaelita Blaksland,New Zealand,70% Dark Bites,24/08/2024,$791.19,280.0
Beverie Moffet,USA,50% Dark Bites,28/07/2024,"$2,941.65",360.0
Brien Boise,USA,Mint Chip Choco,25/05/2024,"$12,476.68",162.0
Karlen McCaffrey,New Zealand,Eclairs,06/05/2024,"$2,817.14",191.0
Barr Faughny,India,Drinking Coco,28/01/2024,"$2,411.52",144.0
Marney O'Breen,UK,Orange Choco,06/06/2024,"$13,072.74",11.0
Brien Boise,New Zealand,Baker's Choco Chips,12/07/2024,"$6,790.41",26.0
Ches Bonnell,Canada,Spicy Special Slims,05/08/2024,"$6,092.47",201.0
Brien Boise,USA,Orange Choco,28/01/2024,"$7,185.50",152.0
Kaine Padly,India,Spicy Special Slims,31/08/2024,"$6,170.80",138.0
Mallorie Waber,USA,50% Dark Bites,19/04/2024,"$1,945.05",14.0
Mallorie Waber,UK,Mint Chip Choco,29/06/2024,"$6,767.42",2.0
Beverie Moffet,India,Choco Coated Almonds,24/02/2024,"$3,911.69",254.0
Madelene Upcott,UK,Smooth Sliky Salty,04/03/2024,"$16,733.76",88.0
Gigi Bohling,India,Eclairs,21/06/2024,"$3,916.92",74.0
Rafaelita Blaksland,Australia,Organic Choco Syrup,26/01/2024,"$1,082.69",106.0
Oby Sorrel,New Zealand,White Choc,10/06/2024,"$4,822.33",42.0
Andria Kimpton,UK,Drinking Coco,23/05/2024,"$1,827.45",66.0
Kelci Walkden,India,Milk Bars,15/04/2024,"$1,142.41",111.0
Karlen McCaffrey,New Zealand,Caramel Stuffed Bars,31/01/2024,"$6,290.89",232.0
Andria Kimpton,New Zealand,Organic Choco Syrup,04/03/2024,"$5,616.01",43.0
Barr Faughny,New Zealand,After Nines,19/04/2024,"$11,250.69",91.0
Beverie Moffet,UK,Almond Choco,16/05/2024,"$2,799.42",104.0
Oby Sorrel,Australia,Raspberry Choco,17/02/2024,"$1,157.88",114.0
Dennison Crosswaite,USA,Raspberry Choco,18/01/2024,"$7,049.32",273.0
Roddy Speechley,Canada,Orange Choco,09/02/2024,"$9,460.50",84.0
Mallorie Waber,Canada,Orange Choco,23/03/2024,"$4,173.73",175.0
Madelene Upcott,New Zealand,Caramel Stuffed Bars,01/02/2024,"$4,005.08",150.0
Mallorie Waber,India,Drinking Coco,07/03/2024,"$4,650.58",143.0
Ches Bonnell,UK,White Choc,03/01/2024,"$3,814.56",220.0
Ches Bonnell,USA,White Choc,11/02/2024,"$6,321.35",325.0
Dennison Crosswaite,New Zealand,Orange Choco,16/03/2024,"$5,245.53",144.0
Dotty Strutley,India,White Choc,15/08/2024,"$12,998.67",317.0
Gigi Bohling,India,Manuka Honey Choco,12/05/2024,"$5,932.12",79.0
Van Tuxwell,India,Spicy Special Slims,11/04/2024,"$6,811.55",4.0
Jan Morforth,New Zealand,Mint Chip Choco,30/06/2024,"$21,381.14",311.0
Dotty Strutley,New Zealand,White Choc,15/06/2024,"$8,423.36",63.0
Rafaelita Blaksland,Canada,Caramel Stuffed Bars,01/08/2024,"$7,951.43",109.0
Kaine Padly,USA,Milk Bars,15/06/2024,"$18,389.10",62.0
Brien Boise,India,After Nines,16/06/2024,"$6,555.46",45.0
Oby Sorrel,New Zealand,Raspberry Choco,13/05/2024,"$5,129.71",270.0
Dennison Crosswaite,USA,Drinking Coco,10/05/2024,"$2,399.02",149.0
Oby Sorrel,India,Eclairs,25/08/2024,"$6,096.53",344.0
Ches Bonnell,New Zealand,Organic Choco Syrup,15/07/2024,"$8,134.67",83.0
Gigi Bohling,UK,Baker's Choco Chips,16/05/2024,"$9,969.65",449.0
Jan Morforth,Australia,50% Dark Bites,14/06/2024,"$3,894.16",173.0
Beverie Moffet,Australia,Smooth Sliky Salty,25/01/2024,"$11,533.35",473.5
Ches Bonnell,USA,Organic Choco Syrup,28/07/2024,"$8,754.31",14.0
Brien Boise,Canada,Mint Chip Choco,28/01/2024,"$5,475.65",194.0
Kaine Padly,UK,Orange Choco,29/06/2024,"$2,252.94",196.0
Karlen McCaffrey,Australia,70% Dark Bites,24/06/2024,$278.78,332.0
Gunar Cockshoot,Canada,Mint Chip Choco,01/07/2024,"$8,936.91",442.0
Roddy Speechley,USA,Peanut Butter Cubes,25/02/2024,"$2,010.22",144.0
Curtice Advani,Canada,Smooth Sliky Salty,01/08/2024,"$2,901.91",12.0
Oby Sorrel,Australia,Milk Bars,21/06/2024,"$9,231.31",278.0
Camilla Castle,New Zealand,Spicy Special Slims,25/01/2024,"$12,744.67",26.0
Gigi Bohling,UK,Milk Bars,17/05/2024,"$1,436.97",248.0
Andria Kimpton,Australia,85% Dark Bars,23/08/2024,"$4,900.32",254.0
Camilla Castle,Australia,Smooth Sliky Salty,03/03/2024,"$8,263.11",129.0
Roddy Speechley,India,Caramel Stuffed Bars,30/05/2024,"$10,139.68",473.5
Karlen McCaffrey,USA,Drinking Coco,29/06/2024,$132.68,243.0
Andria Kimpton,Canada,Organic Choco Syrup,04/01/2024,"$9,479.63",217.0
Jehu Rudeforth,Australia,Drinking Coco,14/01/2024,"$3,114.84",65.0
Karlen McCaffrey,USA,Mint Chip Choco,15/02/2024,"$17,866.48",58.0
Curtice Advani,New Zealand,Spicy Special Slims,10/01/2024,"$4,651.03",473.5
Madelene Upcott,USA,White Choc,04/05/2024,"$14,360.42",218.0
Andria Kimpton,USA,Spicy Special Slims,23/05/2024,"$2,595.52",5.0
Barr Faughny,New Zealand,Fruit & Nut Bars,26/04/2024,"$1,853.03",153.0
Oby Sorrel,Canada,Organic Choco Syrup,05/07/2024,"$1,392.99",70.0
Madelene Upcott,UK,Organic Choco Syrup,21/07/2024,"$7,943.17",174.0
Dotty Strutley,USA,Mint Chip Choco,21/02/2024,"$5,552.79",272.0
Kelci Walkden,USA,Orange Choco,03/02/2024,"$1,539.14",143.0
Gigi Bohling,Australia,Caramel Stuffed Bars,08/07/2024,"$9,117.77",154.0
Mallorie Waber,India,50% Dark Bites,31/05/2024,$631.02,140.0
Van Tuxwell,New Zealand,Mint Chip Choco,27/06/2024,"$4,486.37",104.0
Van Tuxwell,India,50% Dark Bites,13/05/2024,"$5,591.29",132.0
Van Tuxwell,USA,Manuka Honey Choco,31/05/2024,"$2,662.54",102.0
Wilone O'Kielt,USA,Orange Choco,28/02/2024,"$7,481.93",38.0
Barr Faughny,New Zealand,Eclairs,28/03/2024,"$7,418.41",31.0
Gigi Bohling,USA,After Nines,14/01/2024,"$1,969.06",235.0
Barr Faughny,New Zealand,Mint Chip Choco,21/02/2024,"$7,197.75",159.0
Dennison Crosswaite,Canada,85% Dark Bars,01/08/2024,"$11,719.06",87.0
Beverie Moffet,New Zealand,Smooth Sliky Salty,19/05/2024,"$2,755.14",63.0
Husein Augar,USA,White Choc,13/07/2024,"$2,438.56",61.0
Andria Kimpton,Australia,Peanut Butter Cubes,20/04/2024,"$7,661.86",144.0
Dennison Crosswaite,India,85% Dark Bars,30/06/2024,"$4,886.15",23.0
Curtice Advani,UK,50% Dark Bites,08/03/2024,"$3,572.26",156.0
Gunar Cockshoot,USA,Fruit & Nut Bars,09/03/2024,"$6,937.75",94.0
Oby Sorrel,Canada,Raspberry Choco,16/06/2024,"$1,941.25",221.0
Gigi Bohling,UK,Drinking Coco,30/06/2024,"$6,173.15",46.0
Kelci Walkden,India,Mint Chip Choco,28/07/2024,"$3,105.45",116.0
Karlen McCaffrey,Canada,Peanut Butter Cubes,12/08/2024,"$3,691.60",154.0
Barr Faughny,UK,Mint Chip Choco,07/07/2024,"$3,950.65",324.0
Barr Faughny,USA,85% Dark Bars,25/08/2024,"$13,497.17",49.0
Husein Augar,Canada,Eclairs,17/01/2024,"$4,389.23",241.0
Jan Morforth,Australia,70% Dark Bites,04/03/2024,"$6,310.98",366.0
Marney O'Breen,New Zealand,Fruit & Nut Bars,25/08/2024,"$9,693.37",4.0
Ches Bonnell,UK,Peanut Butter Cubes,15/04/2024,"$2,348.20",266.0
Kaine Padly,USA,Organic Choco Syrup,11/03/2024,"$2,518.50",24.0
Camilla Castle,USA,Raspberry Choco,20/05/2024,"$3,516.72",17.0
Brien Boise,New Zealand,Manuka Honey Choco,14/06/2024,"$16,807.37",44.0
Jehu Rudeforth,New Zealand,After Nines,14/04/2024,"$1,736.59",70.0
Jehu Rudeforth,USA,Smooth Sliky Salty,07/07/2024,"$7,900.11",168.0
Madelene Upcott,India,Mint Chip Choco,24/08/2024,"$4,016.89",71.0
Jehu Rudeforth,India,Eclairs,24/02/2024,"$9,642.62",140.0
Karlen McCaffrey,Canada,Raspberry Choco,09/05/2024,$773.70,217.0
Kaine Padly,Australia,70% Dark Bites,08/02/2024,"$7,852.03",240.0
Roddy Speechley,UK,70% Dark Bites,24/03/2024,"$1,649.57",293.0
Rafaelita Blaksland,USA,Drinking Coco,20/06/2024,"$9,333.45",78.0
Mallorie Waber,Canada,Manuka Honey Choco,07/03/2024,"$1,540.11",117.0
Kaine Padly,Australia,Fruit & Nut Bars,20/06/2024,"$7,840.94",82.0
Oby Sorrel,New Zealand,Organic Choco Syrup,17/02/2024,"$17,102.97",267.0
Madelene Upcott,UK,99% Dark & Pure,26/01/2024,"$11,496.42",49.0
Madelene Upcott,Australia,Mint Chip Choco,02/05/2024,"$3,072.89",166.0
Curtice Advani,Canada,99% Dark & Pure,07/07/2024,"$14,990.79",7.0
Rafaelita Blaksland,Australia,Baker's Choco Chips,22/08/2024,"$3,170.18",49.0
Karlen McCaffrey,Australia,After Nines,11/08/2024,"$2,528.14",67.0
Marney O'Breen,UK,99% Dark & Pure,13/01/2024,"$8,551.60",208.0
Gunar Cockshoot,Australia,50% Dark Bites,02/03/2024,"$13,072.95",119.0
Marney O'Breen,Australia,Choco Coated Almonds,27/07/2024,"$11,987.26",41.0
Kelci Walkden,New Zealand,Drinking Coco,10/03/2024,"$18,385.44",116.0
Beverie Moffet,USA,85% Dark Bars,23/08/2024,"$14,028.40",344.0
Roddy Speechley,USA,Eclairs,25/04/2024,"$4,812.71",169.0
Dennison Crosswaite,UK,Milk Bars,07/03/2024,"$11,963.91",446.0
Wilone O'Kielt,UK,Organic Choco Syrup,12/07/2024,"$5,574.83",52.0
Madelene Upcott,USA,Orange Choco,16/05/2024,"$9,205.15",144.0
Gunar Cockshoot,India,Smooth Sliky Salty,02/03/2024,"$4,133.74",69.0
Marney O'Breen,New Zealand,85% Dark Bars,30/05/2024,"$1,312.23",164.0
Marney O'Breen,UK,Manuka Honey Choco,10/06/2024,"$11,735.75",185.0
Brien Boise,USA,99% Dark & Pure,25/07/2024,"$7,650.76",358.0
Beverie Moffet,New Zealand,Mint Chip Choco,09/06/2024,"$4,994.93",98.0
Dennison Crosswaite,USA,Milk Bars,12/05/2024,$890.78,62.0
Gunar Cockshoot,USA,Drinking Coco,09/05/2024,"$4,142.16",5.0
Brien Boise,Canada,Manuka Honey Choco,09/08/2024,"$7,308.24",178.0
Van Tuxwell,India,Choco Coated Almonds,13/04/2024,"$6,833.86",115.0
Andria Kimpton,USA,Caramel Stuffed Bars,02/05/2024,"$8,878.27",47.0
Dotty Strutley,USA,99% Dark & Pure,09/08/2024,"$4,134.93",307.0
Camilla Castle,Australia,Raspberry Choco,23/08/2024,"$6,641.89",188.0
Gunar Cockshoot,India,Spicy Special Slims,13/05/2024,"$7,117.30",174.0
Karlen McCaffrey,USA,Manuka Honey Choco,01/02/2024,"$11,815.59",68.0
Camilla Castle,USA,50% Dark Bites,23/06/2024,"$6,962.79",303.0
Madelene Upcott,UK,Choco Coated Almonds,24/05/2024,"$11,786.42",147.0
Jan Morforth,Canada,Mint Chip Choco,01/04/2024,"$1,200.19",224.0
Camilla Castle,Canada,70% Dark Bites,27/07/2024,"$10,791.08",166.0
Ches Bonnell,India,Peanut Butter Cubes,27/01/2024,"$26,170.95",224.0
Jan Morforth,India,Choco Coated Almonds,12/08/2024,"$2,987.81",136.0
Gigi Bohling,Canada,Almond Choco,01/02/2024,"$11,705.99",47.0
Rafaelita Blaksland,India,After Nines,02/03/2024,"$5,256.03",201.0
Kelci Walkden,Australia,99% Dark & Pure,30/06/2024,"$3,794.10",36.0
Dotty Strutley,Australia,Spicy Special Slims,17/01/2024,"$9,655.30",97.0
Brien Boise,USA,Milk Bars,07/07/2024,"$16,001.54",133.0
Mallorie Waber,New Zealand,Mint Chip Choco,31/01/2024,"$1,386.10",104.0
Beverie Moffet,UK,99% Dark & Pure,10/08/2024,"$3,821.76",122.0
Beverie Moffet,USA,Peanut Butter Cubes,18/08/2024,"$15,722.43",351.0
Brien Boise,New Zealand,White Choc,15/06/2024,"$6,287.25",340.0
Marney O'Breen,USA,Baker's Choco Chips,26/01/2024,"$9,831.97",9.0
Kelci Walkden,USA,Spicy Special Slims,29/04/2024,$90.36,73.0
Mallorie Waber,Canada,White Choc,03/03/2024,"$3,799.50",71.0
Kaine Padly,Australia,Almond Choco,22/02/2024,"$4,674.20",422.0
Oby Sorrel,USA,Smooth Sliky Salty,04/03/2024,"$4,011.83",169.0
Dennison Crosswaite,India,Smooth Sliky Salty,07/07/2024,"$3,429.85",9.0
Camilla Castle,New Zealand,Caramel Stuffed Bars,17/06/2024,"$4,920.68",380.0
Jan Morforth,Canada,Caramel Stuffed Bars,02/08/2024,"$10,049.72",118.0
Oby Sorrel,USA,Baker's Choco Chips,12/08/2024,"$8,485.10",120.0
Madelene Upcott,New Zealand,Peanut Butter Cubes,28/01/2024,"$6,030.31",351.0
Kelci Walkden,Australia,Orange Choco,29/04/2024,"$13,331.77",443.0
Marney O'Breen,Australia,Manuka Honey Choco,05/04/2024,"$15,245.95",233.0
Kaine Padly,Canada,Manuka Honey Choco,18/01/2024,"$11,618.55",133.0
Jehu Rudeforth,UK,Baker's Choco Chips,16/05/2024,"$2,629.59",98.0
Kelci Walkden,Australia,White Choc,24/08/2024,"$10,089.49",168.0
Curtice Advani,India,85% Dark Bars,18/01/2024,$308.24,402.0
Kaine Padly,USA,Eclairs,22/08/2024,"$7,978.76",10.0
Gunar Cockshoot,UK,99% Dark & Pure,07/03/2024,$8.16,84.0
Beverie Moffet,UK,Choco Coated Almonds,04/03/2024,"$3,303.13",73.0
Dotty Strutley,Canada,Manuka Honey Choco,22/04/2024,"$13,959.74",113.0
Kaine Padly,Australia,Milk Bars,09/06/2024,"$4,251.42",91.0
Jan Morforth,Canada,Fruit & Nut Bars,25/07/2024,"$9,885.53",217.0
Jan Morforth,India,Smooth Sliky Salty,03/08/2024,"$12,864.47",93.0
Rafaelita Blaksland,Australia,Manuka Honey Choco,03/08/2024,"$5,245.60",144.0
Jehu Rudeforth,UK,Milk Bars,03/05/2024,"$14,345.50",219.0
Husein Augar,Canada,After Nines,19/01/2024,"$11,462.19",288.0
Roddy Speechley,USA,50% Dark Bites,11/02/2024,"$11,667.94",306.0
Van Tuxwell,India,Almond Choco,14/06/2024,"$7,455.17",383.0
Kelci Walkden,USA,50% Dark Bites,23/03/2024,"$7,203.64",234.0
Madelene Upcott,Canada,85% Dark Bars,17/02/2024,"$8,081.58",105.0
Dennison Crosswaite,Canada,Smooth Sliky Salty,17/03/2024,"$2,055.40",473.5
Mallorie Waber,Australia,Spicy Special Slims,29/06/2024,"$6,476.09",304.0
Ches Bonnell,Canada,Choco Coated Almonds,24/08/2024,"$17,490.08",289.0
Gigi Bohling,Canada,Spicy Special Slims,04/07/2024,"$13,644.00",281.0
Roddy Speechley,New Zealand,Almond Choco,28/03/2024,"$2,930.46",70.0
Curtice Advani,India,Smooth Sliky Salty,19/04/2024,"$22,717.09",143.0
Ches Bonnell,New Zealand,Mint Chip Choco,18/01/2024,"$9,471.72",248.0
Van Tuxwell,New Zealand,Fruit & Nut Bars,17/01/2024,"$3,400.47",92.0
Andria Kimpton,New Zealand,Mint Chip Choco,15/02/2024,"$10,696.21",201.0
Andria Kimpton,UK,Milk Bars,11/02/2024,"$17,101.67",307.0
Camilla Castle,USA,Manuka Honey Choco,21/03/2024,"$18,936.88",180.0
Gunar Cockshoot,New Zealand,Almond Choco,05/01/2024,"$6,015.37",136.0
Brien Boise,India,Raspberry Choco,30/05/2024,"$7,623.58",162.0
Jehu Rudeforth,USA,99% Dark & Pure,04/01/2024,"$2,996.83",227.0
Beverie Moffet,Australia,Fruit & Nut Bars,22/04/2024,"$1,718.97",260.0
Gigi Bohling,Canada,Milk Bars,10/02/2024,"$3,523.33",114.0
Dotty Strutley,India,Spicy Special Slims,12/08/2024,"$1,092.36",209.0
Gunar Cockshoot,USA,Organic Choco Syrup,10/08/2024,"$2,495.71",310.0
Kelci Walkden,Australia,Raspberry Choco,07/06/2024,$813.41,58.0
Jehu Rudeforth,India,Baker's Choco Chips,06/06/2024,"$2,489.06",81.0
Karlen McCaffrey,New Zealand,Baker's Choco Chips,05/04/2024,"$5,701.35",201.0
Wilone O'Kielt,USA,50% Dark Bites,18/04/2024,"$5,084.32",126.0
Andria Kimpton,India,50% Dark Bites,31/01/2024,"$15,789.48",16.0
Madelene Upcott,USA,Baker's Choco Chips,22/08/2024,"$6,541.75",141.0
Jehu Rudeforth,Australia,99% Dark & Pure,25/02/2024,"$11,409.11",217.0
Jan Morforth,Australia,Mint Chip Choco,22/02/2024,"$19,258.41",99.0
Oby Sorrel,New Zealand,Milk Bars,12/01/2024,"$5,074.86",201.0
Brien Boise,UK,Almond Choco,25/05/2024,$115.90,120.0
Kelci Walkden,India,Smooth Sliky Salty,01/02/2024,"$2,797.19",9.0
Rafaelita Blaksland,UK,Eclairs,27/04/2024,"$1,608.04",75.0
Gigi Bohling,USA,Smooth Sliky Salty,22/07/2024,"$2,960.99",133.0
Curtice Advani,New Zealand,Mint Chip Choco,26/01/2024,"$3,703.51",260.0
Curtice Advani,USA,Mint Chip Choco,24/08/2024,"$5,679.57",285.0
Madelene Upcott,New Zealand,Fruit & Nut Bars,18/01/2024,"$6,764.17",20.0
Karlen McCaffrey,India,85% Dark Bars,30/03/2024,"$1,108.85",87.0
Ches Bonnell,Australia,Caramel Stuffed Bars,17/01/2024,"$9,477.32",160.0
Kelci Walkden,USA,Fruit & Nut Bars,17/02/2024,"$5,301.93",155.0
Kelci Walkden,Canada,Peanut Butter Cubes,08/04/2024,"$8,041.25",43.0
Gigi Bohling,Canada,Drinking Coco,06/07/2024,"$3,716.17",89.0
Husein Augar,India,Fruit & Nut Bars,04/04/2024,"$4,591.77",222.0
Jan Morforth,New Zealand,Organic Choco Syrup,02/03/2024,"$1,928.33",217.0
Gigi Bohling,New Zealand,Raspberry Choco,09/08/2024,"$1,225.12",186.0
Dennison Crosswaite,Australia,Milk Bars,09/06/2024,"$11,326.55",296.0
Ches Bonnell,UK,Caramel Stuffed Bars,02/06/2024,"$3,063.08",301.0
Van Tuxwell,USA,Fruit & Nut Bars,05/07/2024,"$7,093.33",233.0
Andria Kimpton,Canada,Eclairs,11/08/2024,$337.37,120.0
Madelene Upcott,India,Choco Coated Almonds,11/02/2024,"$3,764.59",158.0
Kelci Walkden,New Zealand,Spicy Special Slims,11/08/2024,$695.32,68.0
Roddy Speechley,Australia,Drinking Coco,12/05/2024,"$14,609.99",111.0
Wilone O'Kielt,USA,Milk Bars,15/07/2024,"$5,298.68",96.0
Andria Kimpton,India,Organic Choco Syrup,18/01/2024,"$4,552.30",132.0
Madelene Upcott,UK,Fruit & Nut Bars,05/01/2024,"$9,099.26",199.0
Curtice Advani,Australia,50% Dark Bites,29/06/2024,$603.97,239.0
Brien Boise,Canada,Raspberry Choco,14/06/2024,"$3,172.23",46.0
Gunar Cockshoot,India,Mint Chip Choco,08/08/2024,"$4,737.32",74.0
Dennison Crosswaite,India,Mint Chip Choco,23/03/2024,"$15,201.56",142.0
Barr Faughny,India,Caramel Stuffed Bars,04/01/2024,"$7,912.62",106.0
Brien Boise,India,Milk Bars,22/02/2024,"$14,190.78",269.0
Beverie Moffet,UK,Spicy Special Slims,17/02/2024,"$9,327.08",259.0
Barr Faughny,USA,Almond Choco,03/02/2024,$434.42,83.0
Van Tuxwell,Canada,Raspberry Choco,17/03/2024,"$1,497.58",132.0
Wilone O'Kielt,Australia,Baker's Choco Chips,25/01/2024,"$3,124.74",155.0
Brien Boise,Australia,Milk Bars,27/07/2024,"$2,356.21",54.0
Husein Augar,Australia,Fruit & Nut Bars,28/01/2024,"$8,548.00",55.0
Madelene Upcott,Australia,Organic Choco Syrup,05/07/2024,"$12,094.34",52.0
Van Tuxwell,India,White Choc,15/03/2024,"$2,119.42",46.0
Gunar Cockshoot,Canada,After Nines,04/08/2024,"$3,038.32",220.0
Jan Morforth,USA,Fruit & Nut Bars,27/06/2024,"$5,187.72",382.0
Jan Morforth,Canada,After Nines,13/07/2024,"$5,384.52",180.0
Barr Faughny,New Zealand,Manuka Honey Choco,24/02/2024,"$6,575.07",249.0
Karlen McCaffrey,New Zealand,85% Dark Bars,28/06/2024,"$6,350.37",59.0
Oby Sorrel,Australia,85% Dark Bars,30/06/2024,"$7,488.06",28.0
Curtice Advani,Canada,Choco Coated Almonds,18/08/2024,"$6,997.57",7.0
Kaine Padly,India,70% Dark Bites,24/01/2024,"$13,081.57",324.0
Beverie Moffet,USA,White Choc,11/03/2024,"$5,964.72",136.0
Ches Bonnell,New Zealand,After Nines,23/06/2024,"$6,651.11",377.0
Husein Augar,India,Spicy Special Slims,22/08/2024,"$2,606.11",31.0
Gunar Cockshoot,Canada,50% Dark Bites,04/01/2024,"$3,615.98",24.0
Curtice Advani,India,Milk Bars,05/04/2024,"$3,658.27",210.0
Beverie Moffet,India,Milk Bars,15/04/2024,"$1,997.46",314.0
Husein Augar,Australia,White Choc,11/05/2024,"$3,618.67",213.0
Andria Kimpton,Canada,Manuka Honey Choco,21/07/2024,"$5,538.85",473.5
Jan Morforth,New Zealand,Orange Choco,11/02/2024,"$1,382.49",86.0
Andria Kimpton,Canada,Smooth Sliky Salty,08/07/2024,"$1,223.79",81.0
Gunar Cockshoot,UK,Raspberry Choco,11/08/2024,"$8,043.29",344.0
Husein Augar,New Zealand,After Nines,04/08/2024,"$6,878.47",7.0
Andria Kimpton,New Zealand,Orange Choco,14/06/2024,"$9,420.22",94.0
Dennison Crosswaite,UK,Baker's Choco Chips,17/01/2024,"$2,516.34",293.0
Jehu Rudeforth,Canada,Orange Choco,23/06/2024,"$4,334.75",473.5
Jehu Rudeforth,UK,Smooth Sliky Salty,24/08/2024,"$1,588.49",111.0
Andria Kimpton,UK,Caramel Stuffed Bars,07/06/2024,"$8,959.38",271.0
Jan Morforth,UK,White Choc,22/06/2024,"$9,409.06",46.0
Dotty Strutley,USA,Fruit & Nut Bars,13/07/2024,"$3,315.64",268.0
Kelci Walkden,UK,Choco Coated Almonds,24/05/2024,"$10,920.70",210.0
Gunar Cockshoot,New Zealand,After Nines,09/08/2024,"$7,605.55",154.0
Kaine Padly,Canada,85% Dark Bars,06/04/2024,"$1,859.96",33.0
Jan Morforth,New Zealand,Manuka Honey Choco,28/07/2024,"$1,743.87",259.0
Gunar Cockshoot,New Zealand,Raspberry Choco,24/08/2024,$758.28,57.0
Van Tuxwell,Australia,99% Dark & Pure,17/01/2024,$125.37,138.0
Curtice Advani,USA,Drinking Coco,07/02/2024,"$6,170.75",149.0
Brien Boise,Australia,Spicy Special Slims,09/05/2024,"$6,867.13",273.0
Mallorie Waber,New Zealand,85% Dark Bars,06/06/2024,"$8,775.45",113.0
Wilone O'Kielt,USA,Choco Coated Almonds,06/06/2024,"$10,422.84",6.0
Beverie Moffet,New Zealand,Organic Choco Syrup,24/05/2024,"$7,402.04",231.0
Gunar Cockshoot,UK,50% Dark Bites,13/01/2024,"$2,498.04",129.0
Marney O'Breen,USA,Raspberry Choco,23/05/2024,"$6,873.56",152.0
Jehu Rudeforth,UK,White Choc,29/06/2024,"$2,015.93",304.0
Jehu Rudeforth,New Zealand,85% Dark Bars,11/03/2024,"$8,077.51",95.0
Dotty Strutley,USA,85% Dark Bars,25/04/2024,"$11,149.46",473.5
Rafaelita Blaksland,Australia,Smooth Sliky Salty,30/05/2024,"$4,739.39",236.0
Curtice Advani,India,Manuka Honey Choco,23/05/2024,"$1,844.54",185.0
Mallorie Waber,USA,Peanut Butter Cubes,23/05/2024,"$1,263.98",19.0
Van Tuxwell,Canada,Peanut Butter Cubes,24/06/2024,"$7,527.84",306.0
Kelci Walkden,New Zealand,Smooth Sliky Salty,11/03/2024,"$12,265.45",268.0
Rafaelita Blaksland,USA,Smooth Sliky Salty,27/07/2024,"$17,662.05",230.0
Rafaelita Blaksland,USA,White Choc,16/08/2024,"$5,520.00",120.0
Roddy Speechley,Canada,Smooth Sliky Salty,07/03/2024,"$10,712.76",11.0
Curtice Advani,New Zealand,After Nines,05/04/2024,"$8,416.80",29.0
Camilla Castle,India,85% Dark Bars,04/05/2024,"$9,986.05",54.0
Ches Bonnell,USA,Choco Coated Almonds,04/01/2024,"$15,629.82",89.0
Marney O'Breen,Australia,Baker's Choco Chips,13/01/2024,"$6,224.33",100.0
Wilone O'Kielt,New Zealand,Fruit & Nut Bars,11/07/2024,"$7,736.85",95.0
Kaine Padly,Australia,Mint Chip Choco,17/05/2024,"$4,860.75",162.0
Camilla Castle,New Zealand,Peanut Butter Cubes,21/07/2024,"$1,754.64",62.0
Curtice Advani,Canada,Organic Choco Syrup,22/02/2024,$897.13,24.0
Jan Morforth,India,99% Dark & Pure,23/05/2024,"$10,607.29",182.0
Rafaelita Blaksland,Canada,Drinking Coco,12/07/2024,"$10,772.00",192.0
Jan Morforth,UK,Orange Choco,15/06/2024,"$4,116.96",203.0
Barr Faughny,New Zealand,50% Dark Bites,23/06/2024,"$5,185.36",321.0
Curtice Advani,Australia,Eclairs,25/03/2024,"$6,974.95",58.0
Jan Morforth,India,Caramel Stuffed Bars,04/07/2024,$99.50,161.0
Andria Kimpton,UK,White Choc,12/05/2024,"$10,203.47",109.0
Camilla Castle,New Zealand,Raspberry Choco,04/04/2024,"$5,081.52",148.0
Madelene Upcott,Australia,Orange Choco,15/04/2024,"$7,166.62",381.0
Roddy Speechley,Canada,Eclairs,08/03/2024,"$7,026.54",95.0
Karlen McCaffrey,India,White Choc,17/01/2024,"$8,265.32",251.0
Wilone O'Kielt,India,Mint Chip Choco,22/08/2024,"$1,516.19",53.0
Andria Kimpton,UK,99% Dark & Pure,25/07/2024,"$1,258.54",72.0
Marney O'Breen,UK,50% Dark Bites,14/06/2024,"$3,506.38",126.0
Ches Bonnell,India,Choco Coated Almonds,05/04/2024,"$10,969.00",83.0
Madelene Upcott,UK,Raspberry Choco,26/08/2024,"$8,442.19",347.0
Wilone O'Kielt,Australia,50% Dark Bites,03/08/2024,"$11,000.85",112.0
Gigi Bohling,Canada,White Choc,11/07/2024,"$6,987.59",4.0
Wilone O'Kielt,New Zealand,Eclairs,11/03/2024,"$3,735.00",21.0
Brien Boise,UK,Peanut Butter Cubes,10/01/2024,"$17,346.79",32.0
Roddy Speechley,UK,Baker's Choco Chips,04/04/2024,"$16,517.20",349.0
Karlen McCaffrey,Australia,50% Dark Bites,17/01/2024,"$7,642.94",473.5
Marney O'Breen,New Zealand,Organic Choco Syrup,08/07/2024,"$10,337.23",49.0
Jan Morforth,UK,Organic Choco Syrup,12/04/2024,"$1,367.24",384.0
Rafaelita Blaksland,Canada,Fruit & Nut Bars,24/08/2024,$570.58,191.0
Ches Bonnell,UK,Choco Coated Almonds,07/06/2024,"$2,012.27",259.0
Gunar Cockshoot,Canada,Almond Choco,28/07/2024,"$1,469.24",29.0
Husein Augar,USA,99% Dark & Pure,21/02/2024,"$10,020.18",113.0
Dennison Crosswaite,Canada,Mint Chip Choco,08/04/2024,"$1,914.65",304.0
Brien Boise,UK,Manuka Honey Choco,28/06/2024,$73.91,101.0
Van Tuxwell,UK,Baker's Choco Chips,24/03/2024,"$2,794.33",21.0
Barr Faughny,Australia,Caramel Stuffed Bars,29/07/2024,"$3,192.06",54.0
Dennison Crosswaite,USA,Eclairs,25/05/2024,"$2,447.37",98.0
Gigi Bohling,Australia,Raspberry Choco,30/03/2024,"$7,696.46",313.0
Dennison Crosswaite,USA,Organic Choco Syrup,18/07/2024,"$14,731.55",132.0
Beverie Moffet,Canada,Orange Choco,10/05/2024,"$9,321.64",111.0
Mallorie Waber,Australia,Choco Coated Almonds,18/03/2024,"$18,473.63",88.0
Ches Bonnell,India,Caramel Stuffed Bars,15/06/2024,"$7,437.55",54.0
Van Tuxwell,Canada,50% Dark Bites,12/05/2024,"$14,581.33",58.0
Kelci Walkden,New Zealand,Baker's Choco Chips,23/06/2024,"$3,389.96",115.0
Beverie Moffet,India,Spicy Special Slims,21/04/2024,"$3,968.38",182.0
Gigi Bohling,Australia,Almond Choco,17/08/2024,"$1,084.26",120.0
Rafaelita Blaksland,New Zealand,Eclairs,07/02/2024,"$20,690.20",51.0
Kelci Walkden,Canada,Smooth Sliky Salty,17/03/2024,"$8,929.57",121.0
Jan Morforth,India,Baker's Choco Chips,01/08/2024,"$15,497.27",85.0
Jehu Rudeforth,Australia,Milk Bars,18/03/2024,"$9,172.13",30.0
Gigi Bohling,Canada,Fruit & Nut Bars,14/06/2024,"$6,093.61",104.0
Beverie Moffet,UK,Eclairs,22/04/2024,"$9,144.79",156.0
Marney O'Breen,New Zealand,Eclairs,18/01/2024,"$5,902.91",31.0
Husein Augar,Australia,99% Dark & Pure,26/08/2024,"$3,277.47",131.0
Gunar Cockshoot,New Zealand,Fruit & Nut Bars,10/06/2024,"$9,759.53",424.0
Curtice Advani,Canada,70% Dark Bites,31/01/2024,"$2,504.90",7.0
Kelci Walkden,New Zealand,Manuka Honey Choco,08/04/2024,"$1,527.99",107.0
Dotty Strutley,Australia,Baker's Choco Chips,07/06/2024,"$3,767.49",65.0
Barr Faughny,Australia,85% Dark Bars,10/02/2024,"$9,452.18",42.0
Beverie Moffet,Australia,50% Dark Bites,16/05/2024,$764.63,441.0
Gunar Cockshoot,India,Baker's Choco Chips,18/03/2024,"$2,432.75",473.5
Van Tuxwell,Australia,50% Dark Bites,13/07/2024,$779.04,134.0
Oby Sorrel,USA,Manuka Honey Choco,25/07/2024,"$5,050.53",85.0
Van Tuxwell,Canada,Choco Coated Almonds,19/08/2024,"$2,727.35",293.0
Karlen McCaffrey,Canada,70% Dark Bites,24/06/2024,"$9,089.21",473.5
Kelci Walkden,Canada,Fruit & Nut Bars,20/06/2024,$881.49,152.0
Camilla Castle,India,99% Dark & Pure,02/08/2024,$227.55,225.0
Madelene Upcott,New Zealand,70% Dark Bites,22/02/2024,"$14,193.58",102.0
Mallorie Waber,New Zealand,Orange Choco,01/02/2024,"$7,459.88",23.0
Jan Morforth,Canada,70% Dark Bites,14/02/2024,"$6,578.55",312.0
Kelci Walkden,Australia,Milk Bars,24/02/2024,"$8,975.44",137.0
Dennison Crosswaite,India,Orange Choco,18/03/2024,$852.29,123.0
Husein Augar,UK,Eclairs,30/08/2024,"$1,955.20",250.0
Gigi Bohling,USA,Peanut Butter Cubes,09/05/2024,$323.29,72.0
Wilone O'Kielt,USA,Smooth Sliky Salty,18/01/2024,$542.39,86.0
Curtice Advani,India,White Choc,04/07/2024,"$7,666.62",347.0
Oby Sorrel,New Zealand,Spicy Special Slims,03/06/2024,"$1,826.32",13.0
Beverie Moffet,New Zealand,Peanut Butter Cubes,23/02/2024,"$11,510.68",30.0
Dotty Strutley,New Zealand,99% Dark & Pure,09/05/2024,"$12,263.85",223.0
Kelci Walkden,India,70% Dark Bites,06/06/2024,"$3,878.60",108.0
Kelci Walkden,India,Drinking Coco,04/07/2024,"$8,328.52",238.0
Brien Boise,New Zealand,Drinking Coco,06/06/2024,"$1,666.46",98.0
Dotty Strutley,Australia,Almond Choco,13/05/2024,"$1,754.11",95.0
Wilone O'Kielt,New Zealand,Organic Choco Syrup,31/01/2024,"$2,390.70",274.0
Ches Bonnell,New Zealand,Caramel Stuffed Bars,30/06/2024,"$8,546.72",41.0
Barr Faughny,Canada,Manuka Honey Choco,25/08/2024,"$4,115.57",274.0
Gigi Bohling,New Zealand,Smooth Sliky Salty,10/01/2024,$787.38,95.0
Brien Boise,USA,Manuka Honey Choco,22/08/2024,"$2,095.78",8.0
Roddy Speechley,New Zealand,85% Dark Bars,14/04/2024,"$5,220.80",267.0
Oby Sorrel,UK,Smooth Sliky Salty,31/05/2024,"$11,264.45",340.0
Oby Sorrel,UK,Raspberry Choco,08/04/2024,"$5,477.33",341.0
Roddy Speechley,USA,Drinking Coco,21/02/2024,"$3,389.00",160.0
Andria Kimpton,Australia,Manuka Honey Choco,30/03/2024,"$11,559.52",413.0
Mallorie Waber,India,Raspberry Choco,02/03/2024,"$1,676.82",2.0
Jehu Rudeforth,USA,Orange Choco,28/07/2024,$437.48,174.0
Kaine Padly,New Zealand,70% Dark Bites,24/03/2024,"$8,487.63",40.0
Curtice Advani,Australia,After Nines,11/08/2024,$71.99,101.0
Husein Augar,UK,Almond Choco,17/05/2024,"$9,863.62",167.0
Kaine Padly,Canada,Choco Coated Almonds,18/05/2024,"$3,468.53",166.0
Roddy Speechley,UK,Peanut Butter Cubes,17/08/2024,"$6,770.35",173.0
Ches Bonnell,New Zealand,Eclairs,04/04/2024,$564.14,50.0
Brien Boise,India,85% Dark Bars,09/08/2024,"$21,044.07",210.0
Brien Boise,New Zealand,Organic Choco Syrup,17/01/2024,$677.38,327.0
Andria Kimpton,Canada,White Choc,14/02/2024,"$4,368.01",29.0
Gigi Bohling,New Zealand,Orange Choco,16/05/2024,"$9,866.20",306.0
Ches Bonnell,Canada,Smooth Sliky Salty,16/03/2024,"$10,723.86",125.0
Husein Augar,Canada,70% Dark Bites,31/01/2024,"$5,443.42",284.0
Barr Faughny,Canada,Organic Choco Syrup,10/03/2024,"$1,312.35",200.0
Oby Sorrel,UK,Organic Choco Syrup,30/06/2024,"$8,471.68",162.0
Van Tuxwell,New Zealand,Eclairs,01/03/2024,"$5,774.60",178.0
Mallorie Waber,UK,Drinking Coco,27/05/2024,"$3,780.02",97.0
Oby Sorrel,UK,Milk Bars,11/07/2024,"$6,831.03",243.0
Karlen McCaffrey,New Zealand,Mint Chip Choco,02/03/2024,"$4,834.51",63.0
Jehu Rudeforth,USA,Raspberry Choco,04/03/2024,"$8,119.65",143.0
Kelci Walkden,UK,85% Dark Bars,23/06/2024,"$4,811.88",242.0
Kelci Walkden,USA,Almond Choco,27/01/2024,"$5,930.01",252.0
Marney O'Breen,Canada,Orange Choco,14/01/2024,"$3,040.05",426.0
Dennison Crosswaite,India,Fruit & Nut Bars,29/07/2024,"$1,126.87",23.0
Brien Boise,Canada,Smooth Sliky Salty,13/05/2024,"$6,051.65",473.5
Barr Faughny,Canada,Baker's Choco Chips,03/02/2024,"$12,279.35",162.0
Brien Boise,India,Smooth Sliky Salty,27/05/2024,"$7,091.66",28.0
Jan Morforth,Australia,Drinking Coco,18/02/2024,"$3,160.97",25.0
Brien Boise,India,Spicy Special Slims,28/01/2024,"$1,408.28",35.0
Van Tuxwell,UK,Eclairs,29/06/2024,"$5,776.61",114.0
Wilone O'Kielt,India,Caramel Stuffed Bars,13/01/2024,"$4,890.59",274.0
Jehu Rudeforth,UK,After Nines,27/06/2024,"$2,048.13",172.0
Barr Faughny,Canada,White Choc,29/03/2024,"$4,590.46",1.0
Gunar Cockshoot,India,Organic Choco Syrup,03/06/2024,"$8,665.99",162.0
Mallorie Waber,Canada,Smooth Sliky Salty,21/03/2024,"$2,202.46",97.0
Mallorie Waber,India,Eclairs,12/04/2024,"$11,720.11",48.0
Rafaelita Blaksland,Australia,Raspberry Choco,19/01/2024,"$7,884.86",266.0
Karlen McCaffrey,UK,50% Dark Bites,06/04/2024,"$3,857.88",303.0
Kaine Padly,Australia,50% Dark Bites,02/08/2024,"$10,123.96",84.0
Gigi Bohling,Australia,Eclairs,12/04/2024,"$8,170.88",137.0
Oby Sorrel,India,Drinking Coco,21/07/2024,"$19,390.61",141.0
Van Tuxwell,New Zealand,Baker's Choco Chips,22/03/2024,"$10,197.43",24.0
Husein Augar,India,Peanut Butter Cubes,09/05/2024,"$5,188.18",5.0
Andria Kimpton,Australia,Baker's Choco Chips,09/08/2024,$350.27,117.0
Madelene Upcott,Canada,Choco Coated Almonds,20/07/2024,"$3,766.32",300.0
Brien Boise,India,70% Dark Bites,14/04/2024,"$4,888.37",435.0
Jehu Rudeforth,Canada,White Choc,25/01/2024,"$5,230.36",142.0
Andria Kimpton,Australia,Almond Choco,25/04/2024,"$3,790.18",168.0
Dotty Strutley,Canada,After Nines,17/01/2024,$302.18,233.0
Karlen McCaffrey,USA,Eclairs,15/08/2024,"$1,017.17",123.0
Karlen McCaffrey,Canada,Fruit & Nut Bars,02/06/2024,$241.36,17.0
Gunar Cockshoot,USA,85% Dark Bars,30/06/2024,"$8,347.30",138.0
Dotty Strutley,New Zealand,Raspberry Choco,10/02/2024,"$6,291.74",88.0
Marney O'Breen,Canada,Caramel Stuffed Bars,23/02/2024,"$1,543.77",473.5
Dennison Crosswaite,India,Organic Choco Syrup,27/01/2024,"$9,744.50",225.0
Camilla Castle,UK,Mint Chip Choco,26/05/2024,"$5,414.75",325.0
Brien Boise,USA,70% Dark Bites,14/04/2024,"$1,898.07",22.0
Madelene Upcott,Australia,99% Dark & Pure,01/08/2024,"$4,911.08",163.0
Mallorie Waber,Australia,Eclairs,22/08/2024,"$11,293.17",219.0
Marney O'Breen,India,99% Dark & Pure,22/07/2024,"$12,398.37",161.0
Husein Augar,USA,Fruit & Nut Bars,28/04/2024,"$1,508.57",28.0
Kelci Walkden,Australia,Almond Choco,30/05/2024,"$5,869.09",354.0
Ches Bonnell,USA,Milk Bars,21/07/2024,"$2,770.47",159.0
Jan Morforth,UK,Caramel Stuffed Bars,02/08/2024,"$3,541.73",473.5
Brien Boise,New Zealand,70% Dark Bites,15/06/2024,"$7,624.41",139.0
Oby Sorrel,India,85% Dark Bars,05/07/2024,"$9,928.42",130.0
Kaine Padly,New Zealand,Smooth Sliky Salty,12/04/2024,$7.67,473.5
Gigi Bohling,Australia,70% Dark Bites,18/08/2024,"$1,624.86",103.0
Jan Morforth,UK,50% Dark Bites,12/01/2024,"$6,301.56",287.0
Gunar Cockshoot,Canada,White Choc,11/08/2024,"$8,578.40",15.0
Jehu Rudeforth,Australia,Spicy Special Slims,13/01/2024,"$5,573.57",372.0
Husein Augar,UK,Baker's Choco Chips,29/04/2024,"$3,465.68",133.0
Rafaelita Blaksland,New Zealand,After Nines,07/07/2024,"$1,245.91",90.0
Madelene Upcott,New Zealand,Mint Chip Choco,11/03/2024,"$8,888.61",4.0
Madelene Upcott,UK,70% Dark Bites,16/02/2024,"$5,931.82",243.0
Barr Faughny,Australia,Organic Choco Syrup,07/01/2024,"$2,620.66",34.0
Beverie Moffet,New Zealand,Drinking Coco,12/01/2024,"$1,284.37",473.5
Beverie Moffet,India,Eclairs,09/06/2024,"$11,033.61",155.0
Andria Kimpton,India,Eclairs,16/05/2024,"$2,413.05",82.0
Gigi Bohling,UK,85% Dark Bars,23/06/2024,"$13,136.08",90.0
Roddy Speechley,UK,Raspberry Choco,28/01/2024,"$14,297.82",211.0
Dotty Strutley,UK,Mint Chip Choco,14/07/2024,"$2,837.65",212.0
Barr Faughny,Canada,Drinking Coco,18/04/2024,"$7,496.03",259.0
Oby Sorrel,USA,Milk Bars,14/06/2024,"$1,815.29",79.0
Oby Sorrel,UK,Orange Choco,15/04/2024,"$8,250.03",228.0
Curtice Advani,Canada,Peanut Butter Cubes,19/05/2024,"$5,605.82",64.0
Gigi Bohling,India,White Choc,13/04/2024,"$1,563.39",179.0
Husein Augar,Canada,Choco Coated Almonds,15/08/2024,"$3,997.02",411.0
Wilone O'Kielt,India,Choco Coated Almonds,22/08/2024,"$3,284.22",230.0
Wilone O'Kielt,New Zealand,Baker's Choco Chips,22/04/2024,"$4,609.67",58.0
Kaine Padly,UK,Choco Coated Almonds,03/08/2024,"$9,412.06",123.0
Dennison Crosswaite,New Zealand,Organic Choco Syrup,04/01/2024,$427.36,249.0
Kelci Walkden,Canada,After Nines,13/01/2024,"$19,449.02",204.0
Van Tuxwell,Australia,Baker's Choco Chips,11/05/2024,"$14,122.44",32.0
Husein Augar,New Zealand,Peanut Butter Cubes,16/02/2024,"$2,257.14",231.0
Kaine Padly,UK,Caramel Stuffed Bars,20/05/2024,"$11,334.21",72.0
Jehu Rudeforth,UK,Drinking Coco,03/02/2024,"$7,865.93",436.0
Beverie Moffet,India,Manuka Honey Choco,06/05/2024,"$11,462.32",172.0
Gunar Cockshoot,UK,Choco Coated Almonds,30/06/2024,"$6,154.53",132.0
Gunar Cockshoot,UK,Smooth Sliky Salty,22/03/2024,$867.50,143.0
Camilla Castle,Canada,Orange Choco,17/02/2024,"$9,056.10",58.0
Jehu Rudeforth,UK,85% Dark Bars,07/07/2024,"$6,569.40",66.0
Oby Sorrel,UK,70% Dark Bites,16/03/2024,"$7,431.00",180.0
Kelci Walkden,UK,99% Dark & Pure,12/08/2024,"$3,672.65",124.0
Gigi Bohling,New Zealand,After Nines,21/01/2024,"$6,464.80",189.0
Oby Sorrel,Australia,50% Dark Bites,06/05/2024,$813.58,163.0
Oby Sorrel,Canada,50% Dark Bites,24/06/2024,"$7,301.81",134.0
Barr Faughny,USA,White Choc,05/05/2024,"$8,523.42",171.0
Rafaelita Blaksland,New Zealand,99% Dark & Pure,25/03/2024,"$3,822.64",85.0
Curtice Advani,Australia,Caramel Stuffed Bars,14/02/2024,"$10,219.39",139.0
Curtice Advani,New Zealand,85% Dark Bars,12/05/2024,"$5,798.43",206.0
Barr Faughny,New Zealand,Smooth Sliky Salty,25/01/2024,"$4,487.01",184.0
Ches Bonnell,UK,85% Dark Bars,28/06/2024,"$17,237.67",13.0
Dennison Crosswaite,Australia,Drinking Coco,13/07/2024,"$7,497.22",184.0
Roddy Speechley,USA,Milk Bars,16/05/2024,"$3,034.06",245.0
Jan Morforth,India,After Nines,14/03/2024,"$6,795.06",177.0
Gunar Cockshoot,USA,After Nines,15/08/2024,"$4,273.09",280.0
Ches Bonnell,India,Orange Choco,16/02/2024,"$1,412.60",278.0
Mallorie Waber,UK,Manuka Honey Choco,15/06/2024,"$9,852.89",43.0
Barr Faughny,Australia,Raspberry Choco,27/05/2024,"$10,744.23",105.0
Wilone O'Kielt,USA,Drinking Coco,14/06/2024,"$1,213.63",101.0
Wilone O'Kielt,India,Eclairs,25/02/2024,"$4,263.93",80.0
Wilone O'Kielt,India,After Nines,04/08/2024,"$13,808.46",270.0
Kelci Walkden,India,99% Dark & Pure,28/06/2024,"$2,411.93",248.0
Gunar Cockshoot,Canada,Spicy Special Slims,05/04/2024,"$14,603.41",12.0
Madelene Upcott,Canada,Peanut Butter Cubes,05/07/2024,"$17,813.77",120.0
Kaine Padly,New Zealand,Eclairs,20/01/2024,"$14,346.28",48.0
Ches Bonnell,New Zealand,Drinking Coco,16/02/2024,"$10,009.51",144.0
Curtice Advani,UK,Drinking Coco,12/07/2024,$494.27,186.0
Kelci Walkden,India,Raspberry Choco,16/06/2024,"$9,118.67",253.0
Dotty Strutley,Australia,Choco Coated Almonds,13/04/2024,"$1,751.26",293.0
Kaine Padly,UK,50% Dark Bites,21/02/2024,"$3,402.47",69.0
Roddy Speechley,Canada,Choco Coated Almonds,11/05/2024,"$6,841.28",237.0
Ches Bonnell,India,50% Dark Bites,15/04/2024,"$12,584.46",328.0
Oby Sorrel,Canada,Peanut Butter Cubes,07/06/2024,"$14,291.30",179.0
Oby Sorrel,UK,White Choc,27/06/2024,"$1,998.41",303.0
Barr Faughny,India,After Nines,29/07/2024,"$9,558.06",117.0
Wilone O'Kielt,Canada,Smooth Sliky Salty,02/06/2024,"$5,594.84",174.0
Rafaelita Blaksland,India,Mint Chip Choco,26/01/2024,"$16,520.75",84.0
Rafaelita Blaksland,Canada,99% Dark & Pure,02/03/2024,"$5,545.62",139.0
Van Tuxwell,Australia,70% Dark Bites,10/01/2024,"$8,260.58",108.0
Beverie Moffet,USA,70% Dark Bites,27/06/2024,"$2,636.16",110.0
Barr Faughny,Canada,Orange Choco,30/06/2024,"$8,285.38",18.0
Roddy Speechley,Australia,85% Dark Bars,08/07/2024,"$4,590.00",78.0
Oby Sorrel,India,Spicy Special Slims,08/06/2024,"$13,189.14",95.0
Jan Morforth,UK,Manuka Honey Choco,18/08/2024,"$3,768.30",212.0
Kaine Padly,Australia,After Nines,08/04/2024,"$7,962.71",293.0
Wilone O'Kielt,Canada,Fruit & Nut Bars,08/08/2024,"$3,665.13",191.0
Wilone O'Kielt,UK,Milk Bars,26/08/2024,$334.81,66.0
Oby Sorrel,Canada,Fruit & Nut Bars,14/01/2024,"$2,187.50",159.0
Dennison Crosswaite,USA,Baker's Choco Chips,11/08/2024,"$18,481.73",295.0
Madelene Upcott,USA,Almond Choco,31/05/2024,"$11,863.69",24.0
Van Tuxwell,New Zealand,50% Dark Bites,11/07/2024,"$4,332.41",10.0
Karlen McCaffrey,Canada,Caramel Stuffed Bars,02/03/2024,"$3,653.33",327.0
Madelene Upcott,Australia,Raspberry Choco,13/07/2024,"$7,023.94",89.0
Rafaelita Blaksland,UK,Spicy Special Slims,03/08/2024,"$10,001.95",132.0
Curtice Advani,UK,Peanut Butter Cubes,01/03/2024,"$16,460.65",171.0
Kelci Walkden,New Zealand,White Choc,13/04/2024,"$8,575.27",165.0
Beverie Moffet,Canada,Fruit & Nut Bars,14/02/2024,"$12,191.42",177.0
Mallorie Waber,India,White Choc,26/07/2024,$969.15,233.0
Brien Boise,UK,Drinking Coco,27/01/2024,"$6,498.96",143.0
Jehu Rudeforth,India,Peanut Butter Cubes,14/04/2024,$33.68,473.5
Oby Sorrel,USA,Almond Choco,19/05/2024,"$7,640.61",154.0
Husein Augar,India,Eclairs,09/02/2024,"$5,596.93",62.0
Brien Boise,UK,Spicy Special Slims,25/05/2024,"$2,639.55",59.0
Oby Sorrel,Australia,Manuka Honey Choco,26/01/2024,"$4,626.87",78.0
Beverie Moffet,India,White Choc,04/07/2024,"$1,900.09",297.0
Ches Bonnell,India,Almond Choco,13/04/2024,"$13,315.47",72.0
Gigi Bohling,Australia,Smooth Sliky Salty,25/01/2024,"$6,359.09",121.0
Camilla Castle,USA,85% Dark Bars,25/04/2024,"$2,644.65",83.0
Camilla Castle,USA,Eclairs,10/06/2024,"$4,879.55",427.0
Madelene Upcott,New Zealand,White Choc,22/08/2024,"$11,572.50",51.0
Van Tuxwell,India,After Nines,27/06/2024,"$15,626.93",225.0
Husein Augar,India,Orange Choco,30/06/2024,"$4,781.14",38.0
Jehu Rudeforth,India,Almond Choco,30/08/2024,"$11,793.40",101.0
Karlen McCaffrey,Australia,Raspberry Choco,23/08/2024,"$1,061.03",58.0
Camilla Castle,New Zealand,99% Dark & Pure,26/08/2024,"$2,499.92",44.0
Gigi Bohling,Australia,Orange Choco,09/03/2024,$676.29,158.0
Kelci Walkden,UK,Drinking Coco,20/04/2024,"$1,886.06",23.0
Mallorie Waber,Canada,Caramel Stuffed Bars,10/06/2024,"$5,093.92",473.5
Husein Augar,Australia,Organic Choco Syrup,08/02/2024,"$1,018.80",157.0
Brien Boise,Australia,White Choc,25/08/2024,"$5,616.77",23.0
Dotty Strutley,India,Peanut Butter Cubes,16/02/2024,"$10,461.82",78.0
Dennison Crosswaite,UK,99% Dark & Pure,30/05/2024,"$12,841.79",26.0
Gigi Bohling,New Zealand,50% Dark Bites,29/06/2024,"$6,723.42",67.0
Gigi Bohling,USA,Milk Bars,16/06/2024,$521.35,127.0
Brien Boise,UK,Caramel Stuffed Bars,04/03/2024,"$3,106.11",159.0
Curtice Advani,New Zealand,Peanut Butter Cubes,15/03/2024,"$1,684.28",419.0
Curtice Advani,New Zealand,50% Dark Bites,27/01/2024,"$11,226.14",84.0
Beverie Moffet,Canada,Drinking Coco,05/07/2024,"$1,172.53",124.0
Barr Faughny,USA,Caramel Stuffed Bars,29/03/2024,"$3,917.13",287.0
Mallorie Waber,Canada,Almond Choco,12/05/2024,"$4,871.07",33.0
Oby Sorrel,USA,Drinking Coco,11/03/2024,"$9,306.64",48.0
Brien Boise,New Zealand,Eclairs,11/07/2024,"$5,270.33",323.0
Gunar Cockshoot,New Zealand,Choco Coated Almonds,01/08/2024,"$14,722.35",61.0
Gunar Cockshoot,UK,Spicy Special Slims,16/02/2024,"$13,444.87",197.0
Curtice Advani,USA,After Nines,13/04/2024,"$14,885.97",248.0
Oby Sorrel,India,Choco Coated Almonds,14/02/2024,$53.31,371.0
Ches Bonnell,Australia,Peanut Butter Cubes,14/03/2024,"$11,767.94",68.0
Oby Sorrel,Australia,Spicy Special Slims,26/04/2024,"$12,897.53",25.0
Jehu Rudeforth,Canada,Manuka Honey Choco,05/04/2024,"$3,867.62",214.0
Camilla Castle,Canada,Drinking Coco,03/03/2024,"$13,524.05",253.0
Kaine Padly,USA,Spicy Special Slims,13/06/2024,"$2,319.10",189.0
Marney O'Breen,New Zealand,70% Dark Bites,14/02/2024,"$9,036.58",377.0
Roddy Speechley,New Zealand,99% Dark & Pure,18/04/2024,"$8,905.53",201.0
Oby Sorrel,New Zealand,85% Dark Bars,01/02/2024,"$4,040.65",423.0
Dotty Strutley,New Zealand,Orange Choco,04/08/2024,"$2,204.17",145.0
Andria Kimpton,New Zealand,Almond Choco,05/04/2024,"$7,037.21",172.0
Karlen McCaffrey,Australia,99% Dark & Pure,26/01/2024,"$12,285.41",175.0
Kaine Padly,UK,After Nines,21/01/2024,"$21,812.86",183.0
Kaine Padly,Canada,After Nines,22/08/2024,"$6,707.97",187.0
Kaine Padly,UK,Drinking Coco,27/01/2024,"$2,513.58",226.0
Rafaelita Blaksland,UK,50% Dark Bites,16/02/2024,"$11,491.21",71.0
Dotty Strutley,USA,Raspberry Choco,03/01/2024,"$3,762.58",49.0
Karlen McCaffrey,USA,White Choc,24/08/2024,"$5,158.01",2.0
Oby Sorrel,USA,Spicy Special Slims,07/02/2024,"$6,660.69",418.0
Mallorie Waber,Australia,Smooth Sliky Salty,11/02/2024,"$4,786.05",107.0
Kaine Padly,Canada,Organic Choco Syrup,29/03/2024,"$6,797.67",82.0
Marney O'Breen,USA,Peanut Butter Cubes,15/06/2024,$782.24,348.0
Dennison Crosswaite,UK,Smooth Sliky Salty,26/04/2024,$653.10,136.0
Brien Boise,Australia,Organic Choco Syrup,15/07/2024,"$4,768.88",281.0
Beverie Moffet,India,Organic Choco Syrup,23/06/2024,"$1,123.57",19.0
Dennison Crosswaite,Australia,Baker's Choco Chips,11/01/2024,"$16,435.38",425.0
Beverie Moffet,UK,50% Dark Bites,09/02/2024,"$2,922.18",289.0
Van Tuxwell,UK,Almond Choco,06/06/2024,"$12,123.84",222.0
Dotty Strutley,UK,Caramel Stuffed Bars,10/08/2024,"$6,448.87",244.0
Wilone O'Kielt,Australia,Smooth Sliky Salty,04/01/2024,"$2,587.61",44.0
Andria Kimpton,Canada,70% Dark Bites,08/04/2024,"$12,109.00",16.0
Barr Faughny,UK,Milk Bars,02/03/2024,"$4,482.33",467.0
Van Tuxwell,Canada,Drinking Coco,15/06/2024,"$5,294.88",473.5
Jehu Rudeforth,Australia,After Nines,14/02/2024,"$5,512.57",46.0
Husein Augar,UK,After Nines,05/07/2024,"$3,707.27",392.0
Barr Faughny,India,Mint Chip Choco,12/01/2024,"$7,899.01",461.0
Curtice Advani,India,Mint Chip Choco,03/03/2024,"$9,813.42",100.0
Jehu Rudeforth,New Zealand,Milk Bars,18/05/2024,"$2,845.74",197.0
Gunar Cockshoot,India,Caramel Stuffed Bars,28/07/2024,"$2,941.72",220.0
Curtice Advani,UK,Manuka Honey Choco,07/02/2024,"$1,969.62",114.0
Andria Kimpton,India,Orange Choco,30/05/2024,$339.64,452.0
Mallorie Waber,Australia,Raspberry Choco,25/04/2024,"$8,818.17",29.0
Beverie Moffet,Canada,85% Dark Bars,16/02/2024,"$6,829.86",46.0
Kelci Walkden,Australia,Drinking Coco,04/05/2024,"$1,370.19",58.0
Van Tuxwell,Canada,70% Dark Bites,02/06/2024,"$7,731.47",77.0
Dennison Crosswaite,USA,Caramel Stuffed Bars,11/07/2024,"$2,757.16",463.0
Beverie Moffet,New Zealand,Spicy Special Slims,07/06/2024,$70.19,63.0
Jan Morforth,UK,Almond Choco,06/07/2024,"$10,817.45",151.0
Husein Augar,India,Raspberry Choco,15/06/2024,"$11,595.41",153.0
Dotty Strutley,India,Mint Chip Choco,14/04/2024,"$1,375.22",231.0
Camilla Castle,India,Drinking Coco,08/08/2024,$503.52,167.0
Marney O'Breen,UK,Drinking Coco,29/03/2024,"$1,135.16",27.0
Roddy Speechley,Australia,Organic Choco Syrup,04/07/2024,"$4,375.45",79.0
Ches Bonnell,India,99% Dark & Pure,16/02/2024,$536.74,102.0
Rafaelita Blaksland,Canada,Spicy Special Slims,02/05/2024,"$2,702.08",164.0
Van Tuxwell,India,Eclairs,21/07/2024,"$11,064.27",104.0
Gunar Cockshoot,Australia,99% Dark & Pure,18/08/2024,"$8,861.83",226.0
Kaine Padly,USA,85% Dark Bars,22/06/2024,$564.67,256.0
Camilla Castle,UK,Peanut Butter Cubes,19/07/2024,"$5,267.69",120.0
Madelene Upcott,UK,Peanut Butter Cubes,12/08/2024,"$8,698.47",89.0
Madelene Upcott,USA,Choco Coated Almonds,07/06/2024,"$6,025.60",137.0
Marney O'Breen,Canada,Peanut Butter Cubes,08/03/2024,"$7,032.54",87.0
Ches Bonnell,Australia,Choco Coated Almonds,08/04/2024,"$1,572.79",176.0
Curtice Advani,Canada,Eclairs,06/05/2024,$857.34,197.0
Roddy Speechley,India,Drinking Coco,31/05/2024,"$4,899.47",11.0
Van Tuxwell,Australia,Mint Chip Choco,13/01/2024,"$2,924.06",295.0
Dennison Crosswaite,USA,70% Dark Bites,15/03/2024,$730.06,78.0
Andria Kimpton,Canada,Peanut Butter Cubes,16/02/2024,"$1,348.05",332.0
Gigi Bohling,USA,70% Dark Bites,14/01/2024,"$8,561.59",204.0
Rafaelita Blaksland,Australia,White Choc,21/03/2024,"$7,326.91",102.0
Roddy Speechley,Canada,Drinking Coco,17/05/2024,"$8,196.93",340.0
Camilla Castle,New Zealand,85% Dark Bars,08/08/2024,"$17,841.92",53.0
Madelene Upcott,Canada,Milk Bars,26/04/2024,"$4,285.13",87.0
Madelene Upcott,Australia,70% Dark Bites,15/04/2024,"$4,196.23",256.0
Oby Sorrel,Canada,Eclairs,19/05/2024,"$6,409.31",473.5
Dennison Crosswaite,Canada,Drinking Coco,10/01/2024,"$3,010.07",24.0
Mallorie Waber,New Zealand,After Nines,04/05/2024,$567.91,225.0
Roddy Speechley,Canada,White Choc,05/04/2024,"$6,948.79",292.0
Andria Kimpton,India,After Nines,17/01/2024,"$1,009.28",69.0
Roddy Speechley,India,Spicy Special Slims,22/03/2024,"$12,049.05",180.0
Dotty Strutley,Australia,White Choc,05/07/2024,"$6,969.38",102.0
Oby Sorrel,Canada,Orange Choco,27/04/2024,"$10,257.74",328.0
Kaine Padly,Canada,Almond Choco,12/08/2024,"$7,220.35",71.0
Jan Morforth,UK,Baker's Choco Chips,11/03/2024,$783.35,273.0
Jehu Rudeforth,UK,Fruit & Nut Bars,13/05/2024,"$9,434.44",221.0
Dennison Crosswaite,USA,Smooth Sliky Salty,12/05/2024,"$12,755.99",99.0
Brien Boise,USA,Raspberry Choco,12/01/2024,$807.26,198.0
Madelene Upcott,New Zealand,Milk Bars,29/03/2024,"$13,541.21",434.0
Roddy Speechley,India,50% Dark Bites,14/03/2024,"$9,976.22",12.0
Barr Faughny,New Zealand,99% Dark & Pure,24/05/2024,"$9,152.72",208.0
Dennison Crosswaite,Canada,Organic Choco Syrup,28/01/2024,"$9,251.37",79.0
Beverie Moffet,India,Almond Choco,24/05/2024,"$3,634.26",100.0
Brien Boise,Australia,Peanut Butter Cubes,19/08/2024,$352.51,196.0
Karlen McCaffrey,Australia,Spicy Special Slims,17/05/2024,"$5,303.58",354.0
Jehu Rudeforth,USA,White Choc,07/06/2024,"$7,339.32",121.0
Ches Bonnell,Canada,Organic Choco Syrup,26/07/2024,$616.09,238.0
Dotty Strutley,India,Eclairs,28/07/2024,"$2,504.62",397.0
Karlen McCaffrey,India,70% Dark Bites,23/05/2024,"$5,915.87",355.0
